siteID,site_group,site_num,Fluoride,Chloride,Nitrite,Bromide,NitrateN,PhosphateP,Sulfate,NH4N
Al_1,Al,1,.,11.12,.,0.06,0.13,0.02,45.36,0.01
Al_2,Al,2,.,10.63,.,0.05,0.04,0.01,54.14,0.01
Al_3,Al,3,.,11.93,.,0.05,0.06,0.08,47.94,0.01
Al_4,Al,4,.,.,.,.,.,.,.,.
Al_5,Al,5,.,10.62,.,0.04,0.12,0.03,41.7,0.01
Al_6,Al,6,.,11.85,.,0.05,0.02,0.05,46.2,0.07
Al_7,Al,7,.,9.86,.,0.05,0.07,0.02,44.12,0.01
Al_8,Al,8,.,13.54,.,0.05,0.11,0.03,45.31,0.02
Al_9,Al,9,.,14.41,.,0.06,0.08,0.02,49.27,0.05
Al_10,Al,10,.,.,.,.,.,.,.,.
Al_11,Al,11,.,13.15,.,0.06,0.13,0.05,44.38,0.01
Al_12,Al,12,.,15,.,0.05,0.04,0.04,43.75,0.03
Al_13,Al,13,.,.,.,.,.,.,.,.
Al_14,Al,14,.,13.11,.,0.06,0.08,0.04,44.32,0.01
Al_15,Al,15,.,6.36,.,0.04,0.11,0.06,37.93,0
Al_16,Al,16,.,7.22,.,0.04,0.07,0.05,37.03,0.01
Al_17,Al,17,.,8.66,.,0.06,0.08,0.03,46.48,0.01
Al_18,Al,18,.,3.9,.,0.04,0.1,0.07,18.09,0.03
Al_19,Al,19,.,5.96,.,0.04,0.1,0.04,40.74,0.02
Al_20,Al,20,.,4.46,.,0.02,0.08,0.01,29.06,0.02
Al_21,Al,21,.,14.25,.,0.05,0.03,0.02,104.76,0
Al_22,Al,22,.,14.48,.,0.07,0.02,0.02,95.72,0
Al_23,Al,23,.,15.89,.,0.06,0.04,0.01,130.61,0
Al_24,Al,24,.,12.04,.,0.03,0.25,0.03,43.93,0.06
Al_25,Al,25,.,17.03,.,0.07,0.02,0.02,111.86,0
Al_26,Al,26,.,11.05,.,0.05,0.04,0.03,85.75,0
Al_27,Al,27,.,10.43,.,0.04,0.13,0.02,33.93,0
Al_28,Al,28,.,11.6,.,0.05,0.02,0.01,54.3,0
Al_29,Al,29,.,11.15,.,0.04,0.11,0.03,36.24,0
Al_30,Al,30,.,8.15,.,0.03,0.09,0.02,32.91,0.02
Al_31,Al,31,.,10.6,.,0.05,0.04,0.02,37.5,0
Al_32,Al,32,.,8.39,.,0.03,0.07,0.01,33.51,0
Al_33,Al,33,.,18.51,.,0.06,0.05,0.02,50.83,0.01
Al_34,Al,34,.,21.63,.,0.07,0.17,0.03,51.55,0.01
Al_35,Al,35,.,15.11,.,0.07,0.1,0.02,43.4,0.02
Al_36,Al,36,.,17.5,.,0.06,0.11,0.02,49.3,0.01
Al_37,Al,37,.,19.44,.,0.08,0.16,0.04,50.17,0.01
Al_38,Al,38,.,16.71,.,0.08,0.13,0.02,47.45,0.01
Al_39,Al,39,.,6.03,.,0.02,0.1,0.02,25.74,0
Al_40,Al,40,.,9.54,.,0.05,0.06,0.02,47.72,0
Al_41,Al,41,.,10.61,.,0.08,0.16,0.01,48.77,0
Al_42,Al,42,.,9.08,.,0.04,0.06,0.02,45.88,0
Al_43,Al,43,.,10.5,.,0.04,0.13,0.02,50.38,0
Al_44,Al,44,.,10.38,.,0.05,0.1,0.04,48.24,0
Al_45,Al,45,.,4.36,.,0.03,0.08,0.04,34.11,0.01
Al_46,Al,46,.,3.65,.,0.04,0.02,0.04,32.55,0
Al_47,Al,47,.,4.29,.,0.03,0.08,0.03,34.27,0.01
Al_48,Al,48,.,9.01,.,0.04,0.07,0,39.19,0.02
Al_49,Al,49,.,4.13,.,0.03,0.01,0.02,33.94,0.01
Al_50,Al,50,.,4.68,.,0.04,0.07,0.03,34.99,0
Al_51,Al,51,.,9.86,.,0.02,0.17,0.05,41.39,0
Al_52,Al,52,.,9.25,.,0.05,0.1,0.07,42.82,0
Al_53,Al,53,.,10.01,.,0.01,0.24,0.01,42.14,0
Al_54,Al,54,.,9.99,.,0.05,0.06,0.01,47.95,0
Al_55,Al,55,.,9.37,.,0.03,0.16,0.03,42.79,0
Al_56,Al,56,.,9.36,.,0.04,0.15,0.04,42.01,0
Bg_1,Bg,1,,10.69,,0.05,0.08,0.01,42.6,0.01
Bg_2,Bg,2,,10.76,,0.05,0.1,0.03,42.04,0.01
Bg_3,Bg,3,,9.66,,0.05,0.14,0.1,41.74,0.01
Bg_4,Bg,4,,10.5,,0.05,0.13,0.02,43.51,0.02
Bg_5,Bg,5,.,9.8,.,0.05,0.03,0.08,41.64,0.03
Bg_6,Bg,6,.,13.9,.,0.05,0.07,0.03,44.97,0
Bg_7,Bg,7,.,12.75,.,0.04,0.06,0.02,45.48,0.01
Bg_8,Bg,8,.,13.76,.,0.05,0.16,0,43.4,0
Bg_9,Bg,9,.,16.65,.,0.06,0.03,0.01,44.02,0.04
Bg_10,Bg,10,.,13.62,.,0.06,0.09,0.04,45.9,0.01
Bg_11,Bg,11,.,13.27,.,0.05,0.11,0.03,44.24,0.02
Bg_12,Bg,12,.,6.56,.,0.04,0.1,0.05,39.17,0.03
Bg_13,Bg,13,.,9.51,.,0.04,0.06,0.03,44.8,0.07
Bg_14,Bg,14,.,6.95,.,0.07,0.1,0.05,39.84,0.02
Bg_15,Bg,15,.,5.68,.,0.05,0.14,0.03,39.84,0.01
Bg_16,Bg,16,.,5.22,.,0.01,0.06,0.02,40.73,0.03
Bg_17,Bg,17,.,6.83,.,0.03,0.13,0.03,41.09,0.01
Bg_18,Bg,18,.,5.93,.,0.03,0.04,0.04,39.15,0.03
Bg_19,Bg,19,.,15.86,.,0.07,0.02,0.02,110.77,0
Bg_20,Bg,20,.,13.88,.,0.05,0.09,0.02,70.76,0.01
Bg_21,Bg,21,.,14.62,.,0.06,0.02,0.02,79.37,0
Bg_22,Bg,22,.,9.94,.,0.04,0.12,0.03,67.83,0
Bg_23,Bg,23,.,11.07,.,0.04,0.29,0.04,67.04,0
Bg_24,Bg,24,.,15.72,.,0.09,0.02,0.01,111.79,0
Bg_25,Bg,25,.,11.35,.,0.06,0.01,0.02,86.97,0
Bg_26,Bg,26,.,11.02,.,0.06,0.09,0.06,34.6,0
Bg_27,Bg,27,.,13.86,.,0.07,0.04,0.02,61.72,0.01
Bg_28,Bg,28,.,11.06,.,0.06,0.02,0.07,46.83,0
Bg_29,Bg,29,.,9,.,0,0.13,0.06,31.37,0.01
Bg_30,Bg,30,.,7.48,.,0.03,0.07,0.04,30.59,0.02
Bg_31,Bg,31,.,11.05,.,0.05,0.08,0.04,37.88,0
Bg_32,Bg,32,.,7.95,.,0.05,0.04,0.06,31.45,0.01
Bg_33,Bg,33,.,25.67,.,0.1,0.12,0.03,50.26,0.01
Bg_34,Bg,34,.,17.6,.,0.07,0.07,0.02,52.95,0.02
Bg_35,Bg,35,.,18.78,.,0.07,0.11,0.04,50.67,0.01
Bg_36,Bg,36,.,18.94,.,0.08,0.17,0.04,49.68,0.01
Bg_37,Bg,37,.,15.2,.,0.07,0.1,0.02,44.51,0.04
Bg_38,Bg,38,.,20.27,.,0.06,0.09,0.02,51.58,0.01
Bg_39,Bg,39,.,21.01,.,0.01,0.08,0.03,48.52,0.02
Bg_40,Bg,40,.,9.2,.,1.89,0.1,0.02,43.6,0
Bg_41,Bg,41,.,11.25,.,1.44,0.04,0.05,56.46,0
Bg_42,Bg,42,.,8.22,.,1.27,0.09,0.02,39.2,0.01
Bg_43,Bg,43,.,11.59,.,2.02,0.14,0.09,52.99,0.01
Bg_44,Bg,44,.,9.79,.,1.4,0.05,0.02,47.76,0
Bg_45,Bg,45,.,9.22,.,1.87,0.15,0.02,46.26,0
Bg_46,Bg,46,.,9.58,.,1.59,0.04,0.11,55.32,0
Bg_47,Bg,47,.,5.38,.,0.04,0.08,0.02,38.15,0.02
Bg_48,Bg,48,.,5.58,.,0.04,0.04,0.02,39.2,0.02
Bg_49,Bg,49,.,4.12,.,0.01,0.07,0.03,36.89,0
Bg_50,Bg,50,.,4.75,.,0.02,0,0.02,34.99,0
Bg_51,Bg,51,.,5,.,0.03,0.13,0.04,34.14,0.03
Bg_52,Bg,52,.,4.26,.,0.04,0.07,0.03,33.86,0
Bg_53,Bg,53,.,4.85,.,0.03,0.01,0.02,35.1,0.02
Bg_54,Bg,54,.,10.63,.,0.07,0.05,0.03,42.29,0
Bg_55,Bg,55,.,8.83,.,0.03,0.07,0.01,48.73,0
Bg_56,Bg,56,.,9.07,.,0.02,0.18,0.06,42.26,0
Bg_57,Bg,57,.,11.99,.,0.04,0.06,0.01,47.95,0
Bg_58,Bg,58,.,9.96,.,0.05,0.17,0.03,41.1,0
Bg_59,Bg,59,.,10.57,.,0.08,0.03,0.04,37.09,0.02
Bg_60,Bg,60,.,9.85,.,0.08,0.12,0.04,40.75,0
Bg_61,Bg,61,.,4.31,.,0.01,0.12,0.02,29.36,0.01
Bg_62,Bg,62,.,10.02,.,0.03,0.13,0.03,43.76,0.03
Bg_63,Bg,63,.,7.52,.,0.02,0.03,0.01,36.01,0
Bg_64,Bg,64,.,3.79,.,0,0.2,0.02,29.96,0
Bg_65,Bg,65,.,3.31,.,0.01,0.1,0.02,28.61,0.04
Bg_66,Bg,66,.,5.79,.,0.02,0.05,0.02,32.44,0
Bg_67,Bg,67,.,4.35,.,0.02,0.02,0.02,33.83,0.02
Bg_68,Bg,68,.,3.67,.,0.01,0.13,0.01,32.28,0.01
Bg_69,Bg,69,.,7.19,.,0.02,0.12,0.03,44.9,0.02
Bg_70,Bg,70,.,4.03,.,0.02,0.1,0.02,31.84,0
Bg_71,Bg,71,.,4.38,.,0.01,0.23,0.01,39.43,0
Bg_72,Bg,72,.,4.27,.,0.01,0.15,0.03,48.73,0.03
Bg_73,Bg,73,.,3.79,.,0.02,0.15,0.02,32.05,0
Bg_74,Bg,74,.,4.89,.,0.01,0.16,0.02,41.94,0.01
Bg_75,Bg,75,.,4.69,.,0.04,0.06,0.02,51.81,0.03
Bg_76,Bg,76,.,7.58,.,0.02,0.06,0.02,51.86,0.04
Bg_77,Bg,77,.,6.35,.,0.03,0.05,0.02,60.58,0.03
Bg_78,Bg,78,.,5.14,.,0.04,0.03,0.03,50.3,0.05
Bg_79,Bg,79,.,5.9,.,0.03,0.08,0.02,53.73,0.06
Bg_80,Bg,80,.,5.18,.,0.05,0.06,0.02,52.8,0.04
Bg_81,Bg,81,.,5.24,.,0.02,0.03,0.03,49.7,0.05
Bg_82,Bg,82,.,8.83,.,0,0.43,0,39.5,.
Bg_83,Bg,83,.,10.13,.,0.4,0.53,0,49.04,.
Bg_84,Bg,84,.,11.46,.,0.64,0.63,0,41.4,.
Bg_85,Bg,85,.,11.97,.,0.39,1.23,0,40.96,.
Bg_86,Bg,86,.,9.13,.,0.57,0.75,0,42.64,.
Bg_87,Bg,87,.,10.59,.,1.18,1.07,0,38.14,.
Bg_88,Bg,88,.,10.04,.,0.51,0.46,0,32,.
Bg_89,Bg,89,.,4.89,.,0.53,0.47,0,38.79,.
Bg_90,Bg,90,.,7.53,.,0.66,0.53,0,47.7,.
Bg_91,Bg,91,.,5.18,.,0.49,0.48,0,42.77,.
Bg_92,Bg,92,.,4.69,.,0.36,0.39,0,38.34,.
Bg_93,Bg,93,.,5.17,.,0,0.65,0,36.58,.
Bg_94,Bg,94,.,4.66,.,0.39,0.32,0,40.36,.
Bg_95,Bg,95,.,5.43,.,0.57,0.43,0,36.82,.
Bg_96,Bg,96,0.6253,8.28,.,0.34,0.2,0,47.56,.
Bg_97,Bg,97,0.4823,8.9,.,0,0.19,0,47.64,.
Bg_98,Bg,98,0.562,8.25,.,0,0,0,46.64,.
Bg_99,Bg,99,0.5585,9.01,.,0,0,0,48.85,.
Bg_100,Bg,100,0.6661,8.59,.,0,0,0,47.84,.
Bg_101,Bg,101,0.6472,8.29,.,0,0,0,51.26,.
Bg_102,Bg,102,0.5962,9.89,.,0,0,0,56.04,.
Bg_103,Bg,103,0.8206,9.344,0,0.1092,0.5079,0,50.121,
Bg_104,Bg,104,0.8317,15.1,0,0,0.1435,0,79.7273,
Bg_105,Bg,105,0.7498,9.242,0,0,0.041,0,57.4994,
Bg_106,Bg,106,0.7789,8.238,0,0,0.3063,0,49.268,
Bg_107,Bg,107,0.8226,6.888,0,0,0.2505,0,46.5638,
Bg_108,Bg,108,0.7693,8.987,0,0,0.4392,0,53.4407,
Bg_109,Bg,109,0.8064,8.619,0.3335,0.1249,0.2975,0.375,47.736,
Bg_110,Bg,110,1.486,16.123,0,0.0564,0.4312,0,40.6041,
Bg_111,Bg,111,1.4096,17.184,0,0.181,0.0458,0,58.4462,
Bg_112,Bg,112,1.2546,24.311,0,0.0101,0.2539,0,52.1431,
Bg_113,Bg,113,1.3288,12.468,0,0,0.4212,0,37.3029,
Bg_114,Bg,114,1.2451,9.54,0,0,6.9749,0,25.406,
Bg_115,Bg,115,1.4464,16.198,0,0.0304,0.3824,0,42.9795,
Bg_116,Bg,116,1.2815,15.745,0,0,0.232,0,38.0153,
Bg_117,Bg,117,0.3907,6.0239,0.3036,0,0.0789,0,42.1693,
Bg_118,Bg,118,0.4856,9.6679,0.2853,0.0646,0.3536,0.0524,54.3116,
Bg_119,Bg,119,0.4733,5.9288,0.2456,0,0.3703,0,44.1476,
Bg_120,Bg,120,0.2711,6.7555,0.1646,0,1.0983,0,40.6438,
Bg_121,Bg,121,0.3574,7.5435,0.165,0,1.0154,0,58.2455,
Bg_122,Bg,122,0.5134,6.4361,0,0.2281,0.1919,0,49.3024,
Bg_123,Bg,123,0.3859,6.6426,0.4201,0.2612,0.2917,0,39.4364,
Bg_124,Bg,124,0.5503,12.19,0.0624,0.779,1.8983,0.4359,77.83,
Bg_125,Bg,125,0.6384,11.52,0.1052,0.8498,1.7353,0.6592,71.68,
Bg_126,Bg,126,.,.,.,.,.,.,.,
Bg_127,Bg,127,0.5644,13.28,0,0.7289,2.2383,0.511,60.45,
Bg_128,Bg,128,0.6714,12.93,0,0.5468,1.0505,0,61.19,
Bg_129,Bg,129,0.5214,15.39,0,0.7453,1.5231,0.4381,90.34,
Bg_130,Bg,130,0.591,11.91,0,0.7485,1.3829,0.6979,56.74,
Bg_131,Bg,131,0.5303,10.473,0,0.373,0.693,0.4063,31.4071,
Bg_132,Bg,132,0.4578,11.445,0,0.3691,0.4357,0,43.9109,
Bg_133,Bg,133,0.5518,11.706,0,0.3645,0.9504,0.3409,26.0265,
Bg_134,Bg,134,0.4292,10.344,0,0.3491,1.2788,0.3764,30.5213,
Bg_135,Bg,135,0.486,11.014,0.5984,0.3576,0.3771,0,32.3408,
Bg_136,Bg,136,0.5225,10.674,0,0.3429,0.6704,0,33.6669,
Bg_137,Bg,137,0.6911,11.062,0,0.5832,1.0865,0,31.1978,
Bg_138,Bg,138,0.3038,12.721,1.3827,0.3623,0.682,0.384,50.6324,
Bg_139,Bg,139,0.3742,9.9,1.5132,0.7631,0.376,0,57.8342,
Bg_140,Bg,140,0.3308,6.938,1.5671,0.9891,0.7969,1.2275,51.4436,
Bg_141,Bg,141,0.2939,6.333,1.4067,0.6638,0.9627,0,49.8502,
Bg_142,Bg,142,0.2767,5.553,0,1.5048,0,0,50.9956,
Bg_143,Bg,143,.,.,.,.,.,.,.,
Bg_144,Bg,144,0.2888,6.492,1.5493,0.7884,0.6269,0.3151,51.804,
Bl_1,Bl,1,.,36.5,.,0.2,0.02,0.02,145.5,0.17
Bl_2,Bl,2,.,28.52,.,0.13,0.13,0.15,105.41,0.04
Bl_3,Bl,3,.,109.45,.,0.18,0.01,0.12,305.52,0.23
Bl_4,Bl,4,.,18.18,.,0.15,0.02,0.13,54.21,0.03
Bl_5,Bl,5,.,21.58,.,0.09,0.63,0.32,57.31,0.04
Bl_6,Bl,6,.,135.04,.,0.38,0.02,0.02,415.39,0.2
Bl_7,Bl,7,.,26.66,.,0.11,0.02,0.15,89.55,0.1
Bl_8,Bl,8,.,65.89,.,0.15,0.01,0,215.13,0.11
Bl_9,Bl,9,.,27.11,.,0.1,0.13,0.15,91.38,0.11
Bl_10,Bl,10,.,61.01,.,0.14,0.03,0,192.8,0.08
Bl_11,Bl,11,.,37.08,.,0.14,0.02,0.01,151.37,0.03
Bl_12,Bl,12,.,26.07,.,0.1,0.68,0.42,55.41,0.02
Bl_13,Bl,13,.,49.82,.,0.15,0.02,0.01,135.53,0.08
Bl_14,Bl,14,.,40.76,.,0.11,0.02,0.02,153.84,0.08
Bl_15,Bl,15,.,25.68,.,0.12,0.12,0.17,102.99,0.05
Bl_16,Bl,16,.,56.04,.,0.22,0.01,0.07,175.55,0.13
Bl_17,Bl,17,.,75.06,.,0.24,0.01,0.03,202.23,0.16
Bl_18,Bl,18,.,51.1,.,0.18,0.01,0.05,144.25,0.04
Bl_19,Bl,19,.,15.95,.,0.06,0.69,0.28,52.48,0.02
Bl_20,Bl,20,.,40.47,.,0.16,0.01,0.04,119.97,0.12
Bl_21,Bl,21,.,65.06,.,0.25,0.01,0.04,197.78,0.17
Bl_22,Bl,22,.,53.84,.,0.17,0.01,0.07,154.84,0.08
Bl_23,Bl,23,.,25.58,.,0.12,0.18,0.14,84.42,0.06
Bl_24,Bl,24,.,133.48,.,0.4,0.01,0,453.45,0.17
Bl_25,Bl,25,.,58.93,.,0.16,0.01,0.01,148.16,0.09
Bl_26,Bl,26,.,40.67,.,0.09,0.7,0.12,109.34,0.19
Bl_27,Bl,27,.,46.02,.,0.17,0.02,0.05,132.63,0.03
Bl_28,Bl,28,.,48.99,.,0.18,0.01,0.04,166.75,0.07
Bl_29,Bl,29,.,8.67,.,0.18,0.01,0.02,28.37,0.08
Bl_30,Bl,30,.,29.37,.,0.13,0.1,0,97.49,0.03
Bl_31,Bl,31,.,26.36,.,0.23,0.02,4.43,80.96,0.14
Bl_32,Bl,32,.,15.59,.,0.16,0.02,0,42.58,0.05
Bl_33,Bl,33,.,17.82,.,0.09,0.36,0.22,45.66,0.06
Bl_34,Bl,34,.,14.95,.,0.22,0.01,0.03,41.25,0.09
Bl_35,Bl,35,.,9.08,.,0.17,0.02,0.11,28.17,0.07
Bl_36,Bl,36,.,54.68,.,0.22,0.04,0.01,160.75,0.11
Bl_37,Bl,37,.,26.57,.,0.11,0.09,0.13,87.52,0.04
Bl_38,Bl,38,.,58.76,.,0.16,0.04,0,177.16,0.05
Bl_39,Bl,39,.,27.75,.,0.24,0.04,0.01,70.92,0.04
Bl_40,Bl,40,.,21.96,.,0.07,0.4,0.22,47.57,0.02
Bl_41,Bl,41,.,59.38,.,0.24,0.02,0.01,161.3,0.13
Bl_42,Bl,42,.,44.75,.,0.14,0.03,0.05,147.98,0.06
Bl_43,Bl,43,.,39.57,.,0.15,0.07,0.21,144.76,0.03
Bl_44,Bl,44,.,29.94,.,0.16,0.16,0.16,118.86,0.01
Bl_45,Bl,45,.,76.79,.,0.24,0.04,0.01,238.35,0.04
Bl_46,Bl,46,.,38.3,.,0.15,0.07,0.2,131.27,0
Bl_47,Bl,47,.,21.82,.,0.07,0.53,0.42,57.84,0
Bl_48,Bl,48,.,40.44,.,0.19,0.04,0.12,144.92,0.02
Bl_49,Bl,49,.,49.77,.,0.16,0.02,0.04,182.17,0.02
Bl_50,Bl,50,.,109.04,.,0.46,0.05,0.01,290.43,0.37
Bl_51,Bl,51,.,28.76,.,0.12,0.2,0.48,115.42,0.01
Bl_52,Bl,52,.,27.1,.,0.18,0.06,0.05,76.46,0.13
Bl_53,Bl,53,.,67.42,.,0.22,0.03,0.03,198.06,0.09
Bl_54,Bl,54,.,16.95,.,0.05,0.76,0.38,46.72,0.02
Bl_55,Bl,55,.,33.32,.,0.18,0.09,0.15,114.69,0.25
Bl_56,Bl,56,.,48.28,.,0.23,0.02,0.1,171.52,0.22
Bl_57,Bl,57,.,58,.,0.26,0.03,0.07,198.78,0.21
Bl_58,Bl,58,.,24.82,.,0.12,0.16,0.03,97.44,0.01
Bl_59,Bl,59,.,68.6,.,0.23,0.07,0,175.46,0.2
Bl_60,Bl,60,.,52.57,.,0.19,0.04,0.09,166.15,0.05
Bl_61,Bl,61,.,21.92,.,0.04,0.96,0.33,55.52,0
Bl_62,Bl,62,.,48.04,.,0.22,0.05,0.06,178.29,0.32
Bl_63,Bl,63,.,40.23,.,0.17,0.03,0.09,143.77,0.19
Bl_64,Bl,64,.,31.65,.,0.49,1.28,0,134.29,.
Bl_65,Bl,65,.,31.73,.,0.44,2.03,1.12,118.04,.
Bl_66,Bl,66,.,77.58,.,0.64,0.4,0,290.09,.
Bl_67,Bl,67,.,42.58,.,0.61,0.56,0,162.73,.
Bl_68,Bl,68,.,24.3,.,0.58,2.55,1.27,67.03,.
Bl_69,Bl,69,.,57.01,.,0.56,0.34,0,251.06,.
Bl_70,Bl,70,.,24.89,.,0.54,0.53,0,105.15,.
Bl_71,Bl,71,.,33.24,.,0.46,0.34,0,160.56,.
Bl_72,Bl,72,.,23.42,.,0.54,1.79,0,112.7,.
Bl_73,Bl,73,.,48.43,.,0.55,0.38,0,161.31,.
Bl_74,Bl,74,.,24.88,.,1.02,1.23,1.19,108.03,.
Bl_75,Bl,75,.,17.72,.,0.38,2.53,1.05,51.58,.
Bl_76,Bl,76,.,29.93,.,0.44,0.5,0,138.7,.
Bl_77,Bl,77,.,24.77,.,0.45,0.32,0,110.19,.
Bl_78,Bl,78,0.8239,28.96,.,0.41,0,0.75,128.37,.
Bl_79,Bl,79,1.1638,41.81,.,0.53,0,0,124.26,.
Bl_80,Bl,80,0.8559,28.62,.,0.52,0,0.78,120.06,.
Bl_81,Bl,81,0.6389,57.07,.,0.45,0,0,245.63,.
Bl_82,Bl,82,0.8109,37.54,.,0.45,0,0,152.42,.
Bl_83,Bl,83,0.9014,22.16,.,0.42,2.72,0,66.52,.
Bl_84,Bl,84,0.7533,30.11,.,0.4,0,0,125.73,.
Bl_85,Bl,85,0.9351,32.231,0,0.394,1.2193,0.5876,122.87,
Bl_86,Bl,86,0.8967,39.194,0,0.3224,0.1513,0,135.08,
Bl_87,Bl,87,0.8796,51.176,0,0.445,0.2625,0,203.84,
Bl_88,Bl,88,0.9879,24.495,0,0.1936,3.8643,0.7831,69.51,
Bl_89,Bl,89,0.9418,183.829,0,0.9227,0.8428,0,76.79,
Bl_90,Bl,90,0.8521,59.323,0,0.4907,0.5872,0.5122,225.15,
Bl_91,Bl,91,1.502,20.297,0,0,0.4188,0,70.2425,
Bl_92,Bl,92,1.6434,57.677,0,0.2126,0,0,0,
Bl_93,Bl,93,1.2375,50.777,0.1357,0,0,0,0,
Bl_94,Bl,94,1.2793,15.349,0,0,1.2019,0.7476,43.58,
Bl_95,Bl,95,1.7338,100.147,0,0.3584,0,0,39.8861,
Bl_96,Bl,96,1.5395,42.06,0,0.145,0,0.8136,0,
Bl_97,Bl,97,0.54,20.77,0,0.55,1.54,0.92,87.15,
Bl_98,Bl,98,0.3,59.21,0,0.17,0.08,0,149.04,
Bl_99,Bl,99,0.37,122.51,0,0.29,0.09,0,323.75,
Bl_100,Bl,100,0.42,15.66,0,0,2.28,0.51,51.62,
Bl_101,Bl,101,0.37,34.01,0,0.15,0.09,0,174.11,
Bl_102,Bl,102,0.54,36.87,0,0.38,0.26,0.2,171.93,
Bl_103,Bl,103,0.9174,31.57,0.3805,0.9462,1.9772,0.7852,129.0582,
Bl_104,Bl,104,0.6831,55.94,0,0.7281,0.8399,0,219.1262,
Bl_105,Bl,105,0,79.73,0,0.8312,0.8487,0,301.7373,
Bl_106,Bl,106,0.8495,28.45,0,0.8996,4.3338,1.4609,81.067,
Bl_107,Bl,107,0,81.316,0,0.8247,0.858,0,367.3562,
Bl_108,Bl,108,0.6749,58.117,0,0.726,0.8109,0.1632,249.4406,
Bl_109,Bl,109,0.9014,24.642,1.3285,0.1901,2.0564,0.744,87.4197,
Bl_110,Bl,110,1.0137,52.769,0,0.2235,1.7756,0,189.2367,
Bl_111,Bl,111,0.8263,74.4,0,0.4069,1.4191,0,266,
Bl_112,Bl,112,0.8659,21.81,1.4438,0.3525,2.4026,0.8251,42.7136,
Bl_113,Bl,113,0.9347,93.218,0,0.372,2.0081,0.5338,323.1889,
Bl_114,Bl,114,0.9823,43.818,0,0.456,1.7541,0.6712,162.5958,
Bl_115,Bl,115,0.5223,24.254,1.6303,1.2292,1.0837,0,126.909,
Bl_116,Bl,116,0.328,89.96,0,0.7938,0.0929,0,251.7602,
Bl_117,Bl,117,0.2054,78.517,0,0.3249,0,0,203.5271,
Bl_118,Bl,118,0.17,25.192,0,0.2254,1.185,0.6414,66.1444,
Bl_119,Bl,119,0.3087,218.641,0,2.133,0.4104,0,678.2204,
Bl_120,Bl,120,0.2104,87.392,0,0.3983,0.023,0,264.0633,
Bp_1,Bp,1,.,38.38,.,0.29,0.02,0.02,138.21,0.06
Bp_2,Bp,2,.,18.46,.,0.14,0.02,0.04,86.1,0.03
Bp_3,Bp,3,.,23.1,.,0.22,0.02,0.06,127.93,0.05
Bp_4,Bp,4,.,14.66,.,0.05,0.02,0.04,98.61,0.06
Bp_5,Bp,5,.,28.42,.,0.28,0.01,0.01,107.85,0.04
Bp_6,Bp,6,.,25.76,.,0.2,0.04,0.43,100.61,0.01
Bp_7,Bp,7,.,11.19,.,0.11,0.03,0.1,55.17,0
Bp_8,Bp,8,.,39.64,.,0.29,0.03,0.09,160.87,0.01
Bp_9,Bp,9,.,16.99,.,0.15,0.03,0.09,62.82,0.04
Bp_10,Bp,10,.,21.11,.,0.19,0.02,0.01,84.29,0.01
Bp_11,Bp,11,.,24.04,.,0.25,0.03,0.03,87.62,0.12
Bp_12,Bp,12,.,10.11,.,0.1,0.03,0.06,67.39,0.06
Bp_13,Bp,13,.,45.98,.,0.47,0.02,0.04,116.47,0.11
Bp_14,Bp,14,.,7.92,.,0.1,0.09,0.06,72.31,0.31
Bp_15,Bp,15,.,26.7,.,0.23,0.03,0.02,93.56,0.23
Bp_16,Bp,16,.,12.32,.,0.17,0.05,0.06,50.77,0.08
Bp_17,Bp,17,.,7.51,.,0.06,0.07,0.07,53.6,0.02
Bp_18,Bp,18,.,22.41,.,0.17,0.11,0.07,64.65,0.05
Bp_19,Bp,19,.,9.02,.,0.13,0.05,0.04,37.34,0.35
Bp_20,Bp,20,.,13.32,.,0.09,0.04,0.02,45.22,0.23
Bp_21,Bp,21,.,18.96,.,0.12,0.11,0.03,66.25,0.07
Bp_22,Bp,22,.,13.66,.,0.03,0.04,0.02,54.97,0.03
Bp_23,Bp,23,.,14.31,.,0.09,0.08,0.04,36.13,0.05
Bp_24,Bp,24,.,15.25,.,0.04,0.03,0.01,70.12,0.21
Bp_25,Bp,25,.,18.82,.,0.1,0.06,0.01,62.94,0.13
Bp_26,Bp,26,.,17.07,.,0.06,0.03,0.01,72.88,0.1
Bp_27,Bp,27,.,13.76,.,0.04,0.03,0.02,55.69,0.03
Bp_28,Bp,28,.,16.47,.,0.09,0.06,0.05,38.7,0.06
Bp_29,Bp,29,.,14.69,.,0.03,0.03,0.03,67.77,0.25
Bp_30,Bp,30,.,19.86,.,0.14,0.04,0.01,67.63,0.18
Bp_31,Bp,31,.,17.25,.,0.14,0.03,0.03,62.59,0.09
Bp_32,Bp,32,.,13.37,.,0.06,0.08,0.05,52.14,0.02
Bp_33,Bp,33,.,17.48,.,0.28,0.06,0.07,35.25,0.09
Bp_34,Bp,34,.,13.81,.,0.05,0.07,0.02,61.43,0.2
Bp_35,Bp,35,.,22.18,.,0.11,0.05,0,71.1,0.2
Bp_36,Bp,36,.,17.51,.,0.81,0.89,0,48.33,.
Bp_37,Bp,37,.,11.04,.,0.6,0.57,0,53.86,.
Bp_38,Bp,38,.,15.24,.,0.65,0.57,0,37.47,.
Bp_39,Bp,39,.,18.59,.,0.42,1.79,0,119.44,.
Bp_40,Bp,40,.,11.64,.,0.65,0.63,0,57.93,.
Bp_41,Bp,41,.,20.35,.,0.67,0.41,0,75.49,.
Bp_42,Bp,42,.,12.88,.,0.49,0.39,0,44.68,.
Bp_43,Bp,43,.,22.46,.,0.48,0.34,0,14.57,.
Bp_44,Bp,44,.,10.88,.,0.61,0.46,0,71.2,.
Bp_45,Bp,45,.,27.35,.,0.62,0.44,0,115.92,.
Bp_46,Bp,46,1.3073,16.3,.,0.61,0.32,0,64.51,.
Bp_47,Bp,47,0.8871,9.75,.,0.4,0,0,35.87,.
Bp_48,Bp,48,1.6219,29.91,.,0.45,0,0,25.54,.
Bp_49,Bp,49,1.3605,10.51,.,0.59,0.2,0,23.94,.
Bp_50,Bp,50,1.3354,27.5,.,0.72,0.21,0,124.42,.
Bc_1,Bc,1,.,10.23,.,0.05,0.01,0.08,50.51,0.01
Bc_2,Bc,2,.,15.92,.,0.07,0.01,0.04,58.1,0.02
Bc_3,Bc,3,.,9.32,.,0.04,0.02,0.07,42.46,0.06
Bc_4,Bc,4,.,9.75,.,0.04,0.01,0.03,47.65,0.04
Bc_5,Bc,5,.,10.06,.,0.05,0.09,0.07,40.82,0.01
Bc_6,Bc,6,.,7.71,.,0.05,0.01,0.04,41.7,0.01
Bc_7,Bc,7,.,9.28,.,0.04,0.01,0.08,49.07,0.02
Bc_8,Bc,8,.,12.12,.,0.04,0.11,0.04,40.07,0
Bc_9,Bc,9,.,16.17,.,0.04,0.03,0.03,59.3,0.04
Bc_10,Bc,10,.,12.62,.,0.02,0.1,0.05,35.7,0.06
Bc_11,Bc,11,.,11.86,.,0,0.1,0.04,38.68,0.03
Bc_12,Bc,12,.,13.51,.,0.05,0.12,0.06,39.18,0.02
Bc_13,Bc,13,.,10.03,.,0.05,0.02,0.03,48.49,0.01
Bc_14,Bc,14,.,11.54,.,0.03,0.02,0,39.84,0.02
Bc_15,Bc,15,.,7.66,.,0.02,0.09,0.03,25.31,0.01
Bc_16,Bc,16,.,15.03,.,0.03,0.03,0.04,48.8,0.04
Bc_17,Bc,17,.,8.3,.,0.02,0.01,0.05,30.44,0.05
Bc_18,Bc,18,.,8.91,.,0.05,0.05,0.05,35.63,0.02
Bc_19,Bc,19,.,6.45,.,0.02,0.04,0.13,39.67,0.01
Bc_20,Bc,20,.,3.05,.,0.02,0,0.01,9.61,0.03
Bc_21,Bc,21,.,4.78,.,0.02,0.02,0.03,11.68,0.02
Bc_22,Bc,22,.,10.68,.,0.05,0.02,0.05,55.91,0
Bc_23,Bc,23,.,14.65,.,0.08,0.02,0.04,55.75,0
Bc_24,Bc,24,.,13.98,.,0.08,0.02,0.05,89.08,0
Bc_25,Bc,25,.,13.83,.,0.08,0.02,0.05,86.85,0
Bc_26,Bc,26,.,13.73,.,0.06,0.25,0.11,48.33,0
Bc_27,Bc,27,.,10.58,.,0.06,0.02,0.02,66.59,0
Bc_28,Bc,28,.,9.62,.,0.05,0.03,0.03,57.69,0
Bc_29,Bc,29,.,10.79,.,0.07,0.02,0.1,48.72,0
Bc_30,Bc,30,.,15.94,.,0.08,0.02,0.03,57.45,0.02
Bc_31,Bc,31,.,11.2,.,0.06,0.15,0.08,41.21,0.03
Bc_32,Bc,32,.,13.18,.,0.06,0.03,0.06,57.46,0.04
Bc_33,Bc,33,.,7.87,.,0.03,0.11,0.03,35.07,0.02
Bc_34,Bc,34,.,11.66,.,0.08,0.02,0.05,54.65,0
Bc_35,Bc,35,.,9.99,.,0.06,0.01,0.08,49.94,0.01
Bc_36,Bc,36,.,16.6,.,0.06,0.24,0.02,46.57,0
Bc_37,Bc,37,.,14.3,.,0.08,0.09,0.03,54.9,0
Bc_38,Bc,38,.,17.74,.,0.06,0.23,0.04,44.11,0.01
Bc_39,Bc,39,.,15.23,.,0.04,0.06,0.01,45.49,0.02
Bc_40,Bc,40,.,12.99,.,0.05,0.04,0.01,39.92,0.01
Bc_41,Bc,41,.,12.04,.,0.04,0.02,0.01,42.51,0.01
Bc_42,Bc,42,.,15.74,.,0.05,0.04,0.02,47.19,0.01
Bc_43,Bc,43,.,9.49,.,2.11,0.09,0.11,48.47,0
Bc_44,Bc,44,.,15.63,.,2.15,0.04,0.06,58.59,0
Bc_45,Bc,45,.,8.81,.,0.09,0.05,0.08,44.93,0.01
Bc_46,Bc,46,.,8.87,.,0.07,0.07,0.08,44.91,0.01
Bc_47,Bc,47,.,9.54,.,1.5,0.1,0.06,46.07,0
Bc_48,Bc,48,.,10.72,.,0.04,0.06,0.06,56.69,0.01
Bc_49,Bc,49,.,14.89,.,0.26,0.04,0.04,68.05,0
Bc_50,Bc,50,.,2.85,.,0.02,0.05,0.06,29.75,0
Bc_51,Bc,51,.,12.51,.,0.07,0.03,0.06,46.64,0
Bc_52,Bc,52,.,4.02,.,0.03,0.04,0.05,27.58,0
Bc_53,Bc,53,.,3.27,.,0.03,0,0.05,29.9,0
Bc_54,Bc,54,.,4.49,.,0.02,0.05,0.02,37.3,0
Bc_55,Bc,55,.,3.34,.,0.04,0.03,0.03,30.38,0
Bc_56,Bc,56,.,3.02,.,0.03,0.03,0.04,29.58,0
Bc_57,Bc,57,.,8.6,.,0.06,0.08,0.06,42.39,0
Bc_58,Bc,58,.,12.24,.,0.04,0.09,0.03,50.63,0
Bc_59,Bc,59,.,8.99,.,0.04,0.07,0.04,40.45,0.01
Bc_60,Bc,60,.,8.12,.,0.06,0.04,0.05,38.4,0.01
Bc_61,Bc,61,.,11.08,.,0.05,0.19,0.05,43.72,0
Bc_62,Bc,62,.,7.36,.,0.03,0.05,0.02,40.96,0
Bc_63,Bc,63,.,6.85,.,0.04,0.06,0.05,37.77,0
Bc_64,Bc,64,.,11.53,.,0.04,0.28,0.05,38.88,0.03
Bc_65,Bc,65,.,11.88,.,0.03,0.08,0.05,44.72,0.07
Bc_66,Bc,66,.,5.35,.,0.02,0.21,0.05,27.83,0.03
Bc_67,Bc,67,.,8.81,.,0.03,0.12,0.03,34.15,0.01
Bc_68,Bc,68,.,4.86,.,0,0.23,0.02,31.3,0.03
Bc_69,Bc,69,.,10.22,.,0.02,0.07,0.01,38.03,0.02
Bc_70,Bc,70,.,10.22,.,0.06,0.13,0.05,37.29,0.01
Bc_71,Bc,71,.,4.6,.,0.01,0.2,0.07,30.93,0
Bc_72,Bc,72,.,11.97,.,0.02,0.05,0.05,44.71,0.01
Bc_73,Bc,73,.,4.71,.,0.01,0.23,0.07,30.77,0.01
Bc_74,Bc,74,.,4.36,.,0.01,0.06,0.07,31.72,0.01
Bc_75,Bc,75,.,5.55,.,0.02,0.15,0.02,46.51,0.02
Bc_76,Bc,76,.,6.23,.,0.04,0.04,0.05,33.74,0.01
Bc_77,Bc,77,.,5.67,.,0.01,0.09,0.04,32.93,0
Bc_78,Bc,78,.,4.37,.,0.02,0.08,0.06,42.09,0.02
Bc_79,Bc,79,.,10.55,.,0.05,0.06,0.05,42.68,0.04
Bc_80,Bc,80,.,5.07,.,0.02,0.04,0.02,44.23,0.05
Bc_81,Bc,81,.,5.19,.,0.03,0.07,0.07,48.32,0.03
Bc_82,Bc,82,.,6.29,.,0.02,0.09,0.04,50.94,0.03
Bc_83,Bc,83,.,5.07,.,0.02,0.03,0.02,38.96,0.02
Bc_84,Bc,84,.,4.05,.,0.02,0.07,0.04,33.47,0.01
Bc_85,Bc,85,.,11.29,.,0.42,1.54,0,43.01,.
Bc_86,Bc,86,.,10.24,.,0.39,0.5,0,49.37,.
Bc_87,Bc,87,.,8.81,.,0.4,0.54,0,40.68,.
Bc_88,Bc,88,.,11.15,.,0.39,0.69,0,41.99,.
Bc_89,Bc,89,.,9.06,.,0.37,0.58,0,43.2,.
Bc_90,Bc,90,.,11.42,.,0.59,0.58,0,46.27,.
Bc_91,Bc,91,.,11.18,.,0.42,1.15,0,43.62,.
Bc_92,Bc,92,.,5.62,.,0.58,0.37,0,43.4,.
Bc_93,Bc,93,.,10.28,.,0.46,0.38,0,34.19,.
Bc_94,Bc,94,.,5.06,.,0,0.46,0,36.83,.
Bc_95,Bc,95,.,5.14,.,0,0.54,0,37.47,.
Bc_96,Bc,96,.,4.17,.,0,0.39,0,39.37,.
Bc_97,Bc,97,.,5.1,.,0,0.32,0,38.92,.
Bc_98,Bc,98,.,5.06,.,0,0.36,0,44.01,.
Bc_99,Bc,99,0.7025,9.8,.,0.33,0,0,51.78,.
Bc_100,Bc,100,0.6028,9.47,.,0,0,0,46.67,.
Bc_101,Bc,101,0.3449,4.35,.,0,0,0,21.34,.
Bc_102,Bc,102,0.7884,9.67,.,0.43,0,0,52.86,.
Bc_103,Bc,103,0.5976,9.32,.,0,0,0,51.45,.
Bc_104,Bc,104,0.6309,7.2,.,0,0,0,45.46,.
Bc_105,Bc,105,0.7911,11.26,.,0,0,0,49.66,.
Bc_106,Bc,106,.,.,.,.,.,.,.,
Bc_107,Bc,107,.,.,.,.,.,.,.,
Bc_108,Bc,108,.,.,.,.,.,.,.,
Bc_109,Bc,109,.,.,.,.,.,.,.,
Bc_110,Bc,110,1.4226,13.803,0,0.0762,0.8655,0,42.4218,
Bc_111,Bc,111,1.1554,11.478,0,0,0,0,49.3639,
Bc_112,Bc,112,1.1491,9.162,0,0.0401,0.0939,0,49.4996,
Bc_113,Bc,113,1.126,9.971,0,0,0,0.9857,47.4656,
Bc_114,Bc,114,0.3533,6.8429,0,0.1237,0.0702,0,54.4053,
Bc_115,Bc,115,0.4529,6.7393,0,0.0789,0.1141,0.09,46.0504,
Bc_116,Bc,116,9.9726,34.2539,1.8557,3.6983,0,0,42.4046,
Bc_117,Bc,117,0.4365,6.6874,0,0,0.3271,0,46.2189,
Bc_118,Bc,118,0.4875,39.31,0,0.844,1.2996,0.4073,223,
Bc_119,Bc,119,0.5356,16.46,0.0962,0.6594,1.0005,0,86.5,
Bc_120,Bc,120,0.6017,8.46,0,0.7855,1.0953,0,55.91,
Bc_121,Bc,121,0.5567,9.2,0,0.8677,1.4582,0.6596,57.32,
Bf_1,Bf,1,0.6974,12.572,0,0.0365,0,0.4079,40.1912,
Bf_2,Bf,2,0.8852,30.844,0.15,0,1.8998,0.7076,84.8195,
Bf_3,Bf,3,0.8369,21.478,0,0,0,0.3761,79.0962,
Bf_4,Bf,4,0.8659,26.69,0,0.3891,0.849,0.6781,81.1955,
Bf_5,Bf,5,0.993,26.25,0.5219,0.121,4.8654,1.0095,70.3266,
Bf_6,Bf,6,1.0218,28.449,0,0.5295,0.6986,0.99,90.5082,
Bf_7,Bf,7,0.921,31.956,0,0.28,0.2621,0.3721,81.82,
Bf_8,Bf,8,0.9242,74.162,0,0.5316,0.6585,0,0,
Bf_9,Bf,9,1.0331,26.932,0,0.658,1.4309,1.6796,83.0743,
Bf_10,Bf,10,0.8588,30.619,0,0.342,0.7589,0,85.4817,
Bf_11,Bf,11,0.9385,31.807,0,0.5143,0.8968,0,66.8988,
Bf_12,Bf,12,0.8611,15.685,0,0.188,2.7241,1.1021,44.4166,
Bf_13,Bf,13,1.014,25.885,0,0.3975,0.8513,1.139,61.1434,
Bf_14,Bf,14,0.9459,24.693,0,0.403,0.6835,0,52.0231,
Bf_15,Bf,15,0.7028,21.2872,0,0.3876,0.2816,0.3283,50.4261,
Bf_16,Bf,16,0.4514,27.2872,0,0.1035,0.1441,0.3007,88.2454,
Bf_17,Bf,17,0.6736,32.43,0,0.5006,0.5988,0.2653,63.9478,
Bf_18,Bf,18,0.6736,29.6192,0,0.5552,0.6149,0.284,67.6193,
Bf_19,Bf,19,0.5888,32.4486,0.4893,0.0658,2.7266,0,110.7443,
Bf_20,Bf,20,0.8426,27.4993,0,0.5533,0.9083,1.1442,47.0262,
Bf_21,Bf,21,0.7538,15.1995,0,0.4655,0.5245,0.4544,34.8428,
Bf_22,Bf,22,0.8789,22.214,0,0.9361,1.4131,0.6916,72.6291,
Bf_23,Bf,23,0.8585,31.853,0.3485,0.9058,4.0315,1.1873,86.8844,
Bf_24,Bf,24,0.8012,17.362,0.222,0.9131,1.3893,0.6868,57.196,
Bf_25,Bf,25,0.8403,17.666,0.2086,0.878,1.3194,0.3993,51.5388,
Bf_26,Bf,26,.,.,.,.,.,.,.,
Bf_27,Bf,27,0.8339,32.115,0.3236,0.8872,5.4765,2.0867,75.773,
Bf_28,Bf,28,0.798,29.284,0,0.9671,1.4915,1.2094,67.475,
Bf_29,Bf,29,0.8778,28.789,0,0.1446,1.4233,0,48.8821,
Bf_30,Bf,30,0.6998,26.188,0.6787,0.5029,0.552,0.7556,80.1298,
Bf_31,Bf,31,0.8687,24.699,0,0.3706,1.4548,0.6392,65.2635,
Bf_32,Bf,32,0.8872,21.471,1.0531,0.0847,1.4039,0,50.8301,
Bf_33,Bf,33,0.5165,20.946,0.5958,0.3867,2.9239,1.4249,43.1964,
Bf_34,Bf,34,0.8381,25.025,0,0.1623,1.4316,0.7636,60.4812,
Bf_35,Bf,35,0.5607,22.059,0,0.3659,0.4517,1.3835,51.4856,
Bf_36,Bf,36,0.3786,12.811,0,0.3537,0.0668,0.0545,42.3331,
Bf_37,Bf,37,0.5672,26.605,0.1365,0.7106,0.8532,0.0501,86.5289,
Bf_38,Bf,38,0.2975,13.598,0,0.3781,0.0888,0.1148,44.2687,
Bf_39,Bf,39,0.5224,20.083,0,0.5491,0.1568,0.019,45.4102,
Bf_40,Bf,40,0.069,16.93,0,0.485,2.2626,0.3392,59.1728,
Bf_41,Bf,41,0.4332,9.304,0,0.1925,0,0.2999,41.7671,
Bf_42,Bf,42,0.212,15.603,0,0.5149,0.0892,1.4118,36.5759,
Cb_1,Cb,1,.,10.19,.,0.07,0.01,0.07,35.6,0.11
Cb_2,Cb,2,.,10.13,.,0.05,0.01,0.06,47.26,0.09
Cb_3,Cb,3,.,6,.,0.05,0.02,0.07,26.23,0.15
Cb_4,Cb,4,.,6.12,.,0.04,0.01,0.06,27.24,0.05
Cb_5,Cb,5,.,18.71,.,0.07,0.02,0.03,78.58,0.06
Cb_6,Cb,6,.,18.58,.,0.07,0.02,0,77.08,0.08
Cb_7,Cb,7,.,13.09,.,0.05,0.02,0.05,37.04,0.05
Cb_8,Cb,8,.,11.49,.,0.06,0.03,0.07,40.62,0.11
Cb_9,Cb,9,.,12.04,.,0.06,0.06,0.01,37.17,0.01
Cb_10,Cb,10,.,10.74,.,0.06,0.02,0.04,41.62,0.03
Cb_11,Cb,11,.,23.2,.,0.06,0.02,0.03,91.8,0.04
Cb_12,Cb,12,.,11.41,.,0.08,0.01,0.01,31.04,0.05
Cb_13,Cb,13,.,15.02,.,0.07,0.03,0.22,43.02,0.03
Cb_14,Cb,14,.,7.65,.,0.04,0.01,0.12,32.81,0.07
Cb_15,Cb,15,.,13.19,.,0.04,0.02,0.07,26.22,0.13
Cb_16,Cb,16,.,6.02,.,0.01,0.06,0.03,39.07,0.03
Cb_17,Cb,17,.,12.39,.,0.06,0.01,0.02,30.02,0.03
Cb_18,Cb,18,.,12.75,.,0.05,0.01,0.03,32.96,0.04
Cb_19,Cb,19,.,14.86,.,0.1,0.02,0.02,62.79,0
Cb_20,Cb,20,.,12.68,.,0.06,0.03,0.03,54.78,0
Cb_21,Cb,21,.,16.14,.,0.06,0.02,0.05,98.35,0.01
Cb_22,Cb,22,.,6.13,.,0.07,0.01,0.09,27.35,0.1
Cb_23,Cb,23,.,9.65,.,0.04,0.18,0.03,44.48,0.02
Cb_24,Cb,24,.,8.13,.,0.06,0.02,0.05,47.36,0
Cb_25,Cb,25,.,8.76,.,0.07,0.02,0.02,32.91,0
Cb_26,Cb,26,.,38.35,.,0.13,0.01,0,194.87,0.09
Cb_27,Cb,27,.,14.37,.,0.07,0.02,0.04,57.35,0.01
Cb_28,Cb,28,.,11.19,.,0.07,0.02,0.05,41.72,0.05
Cb_29,Cb,29,.,13.91,.,0.09,0.01,0.12,59.2,0.21
Cb_30,Cb,30,.,7.96,.,0.03,0.08,0.02,35.76,0.02
Cb_31,Cb,31,.,13.68,.,0.06,0.01,0.03,57.56,0.04
Cb_32,Cb,32,.,17,.,0.08,0.03,0.01,84.11,0.05
Cb_33,Cb,33,.,20.71,.,0.11,0.03,0.01,118.81,0.07
Cb_34,Cb,34,.,14.7,.,0.07,0.04,0.02,58.52,0.02
Cb_35,Cb,35,.,15.53,.,0.07,0.02,0.05,42.74,0.06
Cb_36,Cb,36,.,8.51,.,0.06,0.03,0.1,21.61,0.13
Cb_37,Cb,37,.,12.82,.,0.06,0.09,0.02,39.59,0.02
Cb_38,Cb,38,.,9.74,.,0.07,0.03,0.05,39.81,0.04
Cb_39,Cb,39,.,15.22,.,0.12,0.02,0.02,55.96,0.06
Cb_40,Cb,40,.,7.93,.,2.36,0.04,0.07,21.53,0.03
Cb_41,Cb,41,.,12.97,.,1.69,0.02,0.04,55.09,0.01
Cb_42,Cb,42,.,11.78,.,1.25,0.05,0.11,44.94,0.02
Cb_43,Cb,43,.,7.63,.,2.11,0.03,0.13,46.56,0.06
Cb_44,Cb,44,.,8.76,.,0.59,0.04,0,40.71,0.01
Cb_45,Cb,45,.,7.02,.,2.04,0.07,0.07,41.14,0.02
Cb_46,Cb,46,.,10.07,.,2.41,0.03,0.07,46.77,0.02
Cb_47,Cb,47,.,18.59,.,0.15,0.01,0.02,76.23,0.03
Cb_48,Cb,48,.,8.07,.,0.04,0.05,0.25,41.33,0
Cb_49,Cb,49,.,3.1,.,0.01,0.01,0.04,26.73,0.06
Cb_50,Cb,50,.,5.06,.,0.04,0.03,0.09,20.03,0.06
Cb_51,Cb,51,.,5.95,.,0.04,0.05,0.28,29.34,0
Cb_52,Cb,52,.,4.84,.,0.04,0.02,0.06,25,0.04
Cb_53,Cb,53,.,6.07,.,0.04,0.01,0.05,35.88,0.02
Cb_54,Cb,54,.,4.13,.,0.04,0.06,0.1,15.7,0.05
Cb_55,Cb,55,.,9.24,.,0.06,0.05,0.06,42.52,0
Cb_56,Cb,56,.,9.5,.,0.03,0.02,0.03,42.8,0.05
Cb_57,Cb,57,.,5.95,.,0.03,0.05,0.12,32.51,0.16
Cb_58,Cb,58,.,13.1,.,0.03,0.13,0.04,44.07,0
Cb_59,Cb,59,.,6.82,.,0.06,0.04,0.05,33.54,0.03
Cb_60,Cb,60,.,4.57,.,0.04,0.06,0.04,25.75,0.06
Cd_1,Cd,1,1.029,13.872,0,0.4846,1.2577,0,38.801,
Cd_2,Cd,2,.,.,.,.,.,.,.,
Cd_3,Cd,3,.,.,.,.,.,.,.,
Cd_4,Cd,4,0.54,20.99,0,0.45,1.95,0,71.69,
Cd_5,Cd,5,.,.,.,.,.,.,.,
Cd_6,Cd,6,.,.,.,.,.,.,.,
Cd_7,Cd,7,0.7463,29.934,0,0.8639,2.0506,0,106.9661,
Cd_8,Cd,8,.,.,.,.,.,.,.,
Cd_9,Cd,9,.,.,.,.,.,.,.,
Cd_10,Cd,10,0.4362,10.412,0,0.3471,0.359,0,30.6159,
Cd_11,Cd,11,.,.,.,.,.,.,.,
Cd_12,Cd,12,.,.,.,.,.,.,.,
Cd_13,Cd,13,.,.,.,.,.,.,.,
Cd_14,Cd,14,.,.,.,.,.,.,.,
Cd_15,Cd,15,.,.,.,.,.,.,.,
Cf_1,Cf,1,.,55.06,.,0.23,0.04,0.02,240.15,0.31
Cf_2,Cf,2,.,87.36,.,0.32,0.03,0.37,373.52,0.64
Cf_3,Cf,3,.,97.41,.,0.34,0.03,82.91,442.24,0.62
Cf_4,Cf,4,.,57.05,.,0.26,0.05,0.01,218.89,0.36
Cf_5,Cf,5,.,47.22,.,0.23,0.04,0.04,194.97,0.22
Cf_6,Cf,6,.,34.76,.,0.47,0.45,0,165.41,.
Cf_7,Cf,7,.,63.9,.,0.64,1.48,0,349.5,.
Cf_8,Cf,8,.,55.02,.,0.64,0.43,0,312.95,.
Cf_9,Cf,9,.,40.41,.,0.63,0.35,0,190.73,.
Cf_10,Cf,10,.,34.51,.,0.45,0.36,0,172.95,.
Cf_11,Cf,11,.,32.62,.,0.71,0.92,0,155.83,.
Cf_12,Cf,12,.,48.55,.,0.48,0.36,0,258.48,.
Cf_13,Cf,13,.,37.17,.,0.64,0.43,0,194.88,.
Cf_14,Cf,14,.,38.68,.,0.53,0.33,0,180.81,.
Cf_15,Cf,15,.,27.18,.,0.57,0,0,131.36,.
Cf_16,Cf,16,0.9823,31.73,.,0.96,0,0,145.79,.
Cf_17,Cf,17,0.7321,20.75,.,0.47,0,0,90.91,.
Cf_18,Cf,18,1.4657,51.53,.,0.66,0.24,0,237.62,.
Cf_19,Cf,19,0.711,36.94,.,0.41,0,0,169.81,.
Cf_20,Cf,20,0.9623,27.84,.,0.43,0.2,0,119.4,.
DV_1,DV,1,.,9.66,.,0.05,0.13,0.06,42.05,0.01
DV_2,DV,2,.,11.36,.,0.05,0.13,0,45.36,0.02
DV_3,DV,3,.,.,.,.,.,.,.,.
DV_4,DV,4,.,10.38,.,0.04,0.07,0.05,42.59,0.02
DV_5,DV,5,.,9.44,.,0.04,0.13,0.07,40.63,0.02
DV_6,DV,6,.,13.54,.,0.05,0.16,0.13,46.31,0.01
DV_7,DV,7,.,.,.,.,.,.,.,.
DV_8,DV,8,.,.,.,.,.,.,.,.
DV_9,DV,9,.,.,.,.,.,.,.,.
DV_10,DV,10,.,.,.,.,.,.,.,.
DV_11,DV,11,.,6.71,.,0.03,0.18,0.06,38.82,0
DV_12,DV,12,.,7,.,0.05,0.09,0.04,38.52,0.02
DV_13,DV,13,.,6.86,.,0.05,0.12,0.05,39.13,0.02
DV_14,DV,14,.,6.52,.,0.05,0.03,0.04,34.58,0.01
DV_15,DV,15,.,5.99,.,0.03,0.19,0.04,40.66,0.02
DV_16,DV,16,.,18.31,.,0.08,0.02,0.02,151,0
DV_17,DV,17,.,14.66,.,0.06,0.02,0.03,92.41,0
DV_18,DV,18,.,15.49,.,0.09,0.01,0.02,98.74,0
DV_19,DV,19,.,14.07,.,0.06,0.01,0.02,100.88,0
DV_20,DV,20,.,11.24,.,0.06,0.01,0.04,76.16,0
DV_21,DV,21,.,8.33,.,0.03,0.1,0.04,31.09,0
DV_22,DV,22,.,10.59,.,0.04,0.08,0.04,35.55,0
DV_23,DV,23,.,8.78,.,0.04,0.1,0.05,32.27,0
DV_24,DV,24,.,10.49,.,0.06,0.04,0.05,33.41,0
DV_25,DV,25,.,6.47,.,0.04,0.09,0.04,31.27,0
DV_26,DV,26,.,21.97,.,0.09,0.17,0.04,50.41,0.04
DV_27,DV,27,.,18.02,.,0.06,0.09,0.02,49.96,0.01
DV_28,DV,28,.,21.68,.,0.06,0.2,0.02,51.44,0
DV_29,DV,29,.,21.81,.,0.08,0.13,0.04,51.16,0.01
DV_30,DV,30,.,15.21,.,0.06,0.14,0.03,44.94,0.01
DV_31,DV,31,.,10.27,.,2.16,0.18,0.02,48.62,0
DV_32,DV,32,.,9.12,.,1.58,0.15,0.05,42.98,0
DV_33,DV,33,.,9.56,.,1.68,0.06,0.03,44.99,0.01
DV_34,DV,34,.,9.66,.,1.11,0.16,0.02,46.23,0.01
DV_35,DV,35,.,11.48,.,1.9,0.11,0.05,48.1,0
DV_36,DV,36,.,4.56,.,0.03,0.14,0.04,34.9,0.02
DV_37,DV,37,.,3.72,.,0.04,0.07,0.02,33.25,0.01
DV_38,DV,38,.,4.44,.,0.04,0.05,0.03,35.27,0.01
DV_39,DV,39,.,4.21,.,0.04,0.06,0.04,31.86,0.01
DV_40,DV,40,.,5.23,.,0.03,0.14,0.04,34.66,0.01
DV_41,DV,41,.,10.62,.,0.06,0.23,0.03,42.17,0
DV_42,DV,42,.,9.38,.,0.07,0.14,0.04,39.1,0
DV_43,DV,43,.,10.25,.,0.06,0.16,0.02,41.62,0
DV_44,DV,44,.,10.28,.,0.05,0.2,0.01,39.81,0
DV_45,DV,45,.,9.93,.,0.06,0.15,0.06,45.86,0
DV_46,DV,46,.,4.04,.,0,0.28,0.02,29.51,0.01
DV_47,DV,47,.,5.52,.,0.04,0.18,0.04,30.65,0.03
DV_48,DV,48,.,4.62,.,0.03,0.23,0.03,29.87,0.02
DV_49,DV,49,.,3.21,.,0.01,0.11,0.02,28.55,0.03
DV_50,DV,50,.,5.21,.,0.02,0.11,0.03,32.08,0.01
DV_51,DV,51,.,3.49,.,0,0.21,0.02,29.39,0.01
DV_52,DV,52,.,3.6,.,0.01,0.24,0.02,32.5,0
DV_53,DV,53,.,4,.,0,0.09,0.05,29.77,0.01
DV_54,DV,54,.,3.89,.,0.02,0.13,0.03,30.26,0.01
DV_55,DV,55,.,4.18,.,0.03,0.14,0.01,48.55,0.01
DV_56,DV,56,.,3.95,.,0.01,0.14,0.02,30.83,0
DV_57,DV,57,.,5.31,.,0.02,0.24,0.02,43.58,0
DV_58,DV,58,.,5.18,.,0.03,0.22,0.03,51.19,0.04
DV_59,DV,59,.,4.64,.,0.03,0.09,0.02,50.49,0.04
DV_60,DV,60,.,5.03,.,0.04,0.06,0.02,50.18,0.03
DV_61,DV,61,.,6.43,.,0.02,0.11,0.03,53.67,0.03
DV_62,DV,62,.,4.78,.,0.04,0.13,0.03,48.42,0.02
DV_63,DV,63,.,13.93,.,0.02,0.05,0.01,66.54,0.01
DV_64,DV,64,.,9.43,.,0.5,0.8,0,40.86,.
DV_65,DV,65,.,10.71,.,0.47,0.64,0,40.7,.
DV_66,DV,66,.,9.81,.,0.41,0.74,0,42.04,.
DV_67,DV,67,.,12.96,.,0.67,3.28,0,45.51,.
DV_68,DV,68,.,9.88,.,0.59,2.14,0,40.78,.
DV_69,DV,69,.,11.11,.,0.45,0.69,0,41.35,.
DV_70,DV,70,.,4.91,.,0.59,0.63,0,39.4,.
DV_71,DV,71,.,4.68,.,0.36,0.35,0,39.26,.
DV_72,DV,72,.,4.59,.,0,0.33,0,35.92,.
DV_73,DV,73,.,4.37,.,0,0.45,0,35.14,.
DV_74,DV,74,.,4.94,.,0.59,0.37,0,35.92,.
DV_75,DV,75,.,4.79,.,0,0.37,0,36.23,.
DV_76,DV,76,0.5151,8.27,.,0,0,0,47.81,.
DV_77,DV,77,0.6482,9.03,.,0,0,0,47.76,.
DV_78,DV,78,0.5564,8.46,.,0,0,0,47.65,.
DV_79,DV,79,0.6652,8.58,.,0,0,0,47.1,.
DV_80,DV,80,0.7036,8.16,.,0,0,0,45.95,.
DV_81,DV,81,0.8408,8.8,.,0.5,0.23,0,48.57,.
DV_82,DV,82,0.871,9.552,0,0,1.2026,0,57.9284,
DV_83,DV,83,0.7972,9.872,0,0,0,0,55.7045,
DV_84,DV,84,0.9706,7.758,0,0,0.6147,0,47.9203,
DV_85,DV,85,0.7744,9.08,0,0,0,0,47.9137,
DV_86,DV,86,0.8645,9.257,0,0.0303,0,0,47.9071,
DV_87,DV,87,1.4935,14.83,0,0.2747,0.8655,1.1853,42.1567,
DV_88,DV,88,1.4456,16.143,0,0.4277,1.008,0.904,40.413,
DV_89,DV,89,1.4511,9.517,0,0,0.2179,0,34.1223,
DV_90,DV,90,1.2795,15.885,0,0.1817,1.2755,1.0574,41.5508,
DV_91,DV,91,1.2358,19.262,0,0.0542,0.5364,0,49.8097,
DV_92,DV,92,0.3327,6.7848,0,0.0411,0.1657,0,61.7489,
DV_93,DV,93,0.3102,6.5317,0,0.0402,0.0768,0,50.1375,
DV_94,DV,94,0.3054,7.1378,0.1451,0,1.0212,0,50.8596,
DV_95,DV,95,0.5449,6.3238,0,0.1353,0.2119,0.1197,44.3939,
DV_96,DV,96,0.3415,9.799,0,0,0.3605,0,51.1008,
DV_97,DV,97,0.5206,24.76,0.0885,0.8333,1.7011,0.2993,144,
DV_98,DV,98,0.5165,16.39,0.1306,0.7731,1.828,0.5449,94.67,
DV_99,DV,99,0.6363,14.01,0,0.8067,1.8024,0.5241,61.29,
DV_100,DV,100,0.5172,19.39,0,0.8099,1.4743,0.46,108.56,
DV_101,DV,101,0.6127,18.08,0,0.7883,1.8704,0.494,67.98,
DV_102,DV,102,0.1768,1.284,0,0,0.3512,0,4.2534,
DV_103,DV,103,0.5408,10.789,0,0.5062,0.9777,0.4252,32.591,
DV_104,DV,104,0.5429,11.218,0.6482,0.4257,0.6844,0,31.9508,
DV_105,DV,105,0.5863,11.538,0,0.4058,1.2532,0.3687,32.9863,
DV_106,DV,106,0.5063,11.854,0,0.3481,0.8515,0,22.2794,
DV_107,DV,107,0.2959,7.109,1.5193,0.6623,0.5051,0.2819,51.4321,
DV_108,DV,108,0.2551,7.348,0,0.9601,0,0.293,51.8389,
DV_109,DV,109,0.2719,6.096,0,0.0494,0.2086,0,51.8484,
DV_110,DV,110,0.3052,7.432,0,0.747,0.5818,0,50.8969,
DV_111,DV,111,0.228,5.876,0.848,0.0321,0,0,51.4725,
Hr_1,Hr,1,.,11.67,.,0.05,0.01,0.12,36.72,0.39
Hr_2,Hr,2,.,10.18,.,0.05,0.03,0.04,49.17,0.01
Hr_3,Hr,3,.,.,.,.,.,.,.,.
Hr_4,Hr,4,.,6.96,.,0.05,0.01,0.09,40.43,0.21
Hr_5,Hr,5,.,10.98,.,0.04,0.11,0.03,40.67,0.01
Hr_6,Hr,6,.,23.35,.,0.06,0.01,0.21,58.3,1.26
Hr_7,Hr,7,.,16.13,.,0,0.01,0.09,48.43,0.11
Hr_8,Hr,8,.,11.4,.,0.06,0.02,0.11,38.86,0.33
Hr_9,Hr,9,.,13.55,.,0.05,0.03,0.02,50.23,0.06
Hr_10,Hr,10,.,.,.,.,.,.,.,.
Hr_11,Hr,11,.,10.66,.,0.05,0.02,0.1,44.97,0.21
Hr_12,Hr,12,.,10.33,.,0.04,0.13,0.04,39.09,0.03
Hr_13,Hr,13,.,11.25,.,0.06,0.01,0.2,45.5,0.92
Hr_14,Hr,14,.,13.81,.,0.04,0.03,0.08,43,0.11
Hr_15,Hr,15,.,12.71,.,0.06,0.01,0.09,36.73,0.35
Hr_16,Hr,16,.,6.97,.,0,0.04,0.02,19.42,0.04
Hr_17,Hr,17,.,.,.,.,.,.,.,.
Hr_18,Hr,18,.,12.75,.,0.07,0.02,0.1,42.22,0.2
Hr_19,Hr,19,.,6.83,.,0.02,0.16,0.04,42.78,0.04
Hr_20,Hr,20,.,12.85,.,0.05,0.01,0.2,40.86,0.99
Hr_21,Hr,21,.,14.53,.,0.07,0.02,0.06,43.62,0.11
Hr_22,Hr,22,.,8.36,.,0.05,0.03,0.12,34.08,0.16
Hr_23,Hr,23,.,13.68,.,0.06,0.1,0.04,74.4,0
Hr_24,Hr,24,.,9.6,.,0.04,0.01,0.23,57.39,0.17
Hr_25,Hr,25,.,8.99,.,0.07,0.01,0.06,73.99,0.19
Hr_26,Hr,26,.,11.58,.,0.04,0.26,0.06,56.32,0.01
Hr_27,Hr,27,.,21.56,.,0.08,0.01,0.16,82.11,1.1
Hr_28,Hr,28,.,17.21,.,0.08,0.01,0.1,82.67,0.1
Hr_29,Hr,29,.,11.7,.,0.07,0,0.13,80.18,0.34
Hr_30,Hr,30,.,14.16,.,0.06,0.04,0.04,61.07,0
Hr_31,Hr,31,.,10.9,.,0.06,0.01,0.14,60.95,0.21
Hr_32,Hr,32,.,15.05,.,0.08,0.01,0.11,101.84,0.27
Hr_33,Hr,33,.,7.79,.,0.03,0.1,0.02,32.82,0.02
Hr_34,Hr,34,.,8.5,.,0.07,0.01,0.25,41.34,0.9
Hr_35,Hr,35,.,21.26,.,0.11,0.01,0.1,90.81,0.2
Hr_36,Hr,36,.,11.77,.,0.07,0.02,0.1,34.04,0.32
Hr_37,Hr,37,.,16.41,.,0.07,0.04,0.03,55.38,0.03
Hr_38,Hr,38,.,12.47,.,0.06,0.02,0.1,40.93,0.17
Hr_39,Hr,39,.,10.22,.,0.06,0.01,0.07,41.76,0.2
Hr_40,Hr,40,.,14.54,.,0.06,0.12,0.05,42.21,0.05
Hr_41,Hr,41,.,10.21,.,0.07,0.01,0.18,43.7,0.7
Hr_42,Hr,42,.,16.03,.,0.08,0.02,0.06,64.13,0.18
Hr_43,Hr,43,.,13.31,.,0.06,0.06,0.18,60.48,0.14
Hr_44,Hr,44,.,10.35,.,0.07,0.05,0.03,54.65,0
Hr_45,Hr,45,.,23.93,.,0.01,0.01,0.1,59.34,0.17
Hr_46,Hr,46,.,7.31,.,0.05,0.03,0.14,43.54,0.04
Hr_47,Hr,47,.,12.79,.,0.06,0.14,0.01,50.15,0
Hr_48,Hr,48,.,15.76,.,0.08,0.06,0.22,49.6,0.64
Hr_49,Hr,49,.,6.91,.,0.05,0.02,0.05,42.8,0.08
Hr_50,Hr,50,.,4.99,.,0.03,0.02,0.09,40.39,0.35
Hr_51,Hr,51,.,5.7,.,0.03,0.07,0.04,38.51,0.01
Hr_52,Hr,52,.,4.78,.,0.05,0.04,0.08,34.4,0.04
Hr_53,Hr,53,.,8.38,.,0.1,0.05,0.07,36.84,0.15
Hr_54,Hr,54,.,5.63,.,0.03,0.2,0.02,34.77,0.02
Hr_55,Hr,55,.,3.5,.,0.03,0.05,0.17,30.07,0.54
Hr_56,Hr,56,.,13.18,.,0.05,0.03,0.07,44.99,0.01
Hr_57,Hr,57,.,5.86,.,0.04,0.05,0.13,36.29,0.28
Hr_58,Hr,58,.,7.89,.,0.05,0.04,0.03,43.66,0
Hr_59,Hr,59,.,8.37,.,0.04,0.07,0.05,43.55,0.05
Hr_60,Hr,60,.,5.63,.,0.02,0.04,0.08,44.36,0.19
Hr_61,Hr,61,.,11.26,.,0.05,0.18,0.03,44.84,0
Hr_62,Hr,62,.,6.56,.,0.03,0.06,0.15,37.63,0.87
Hr_63,Hr,63,.,7.54,.,0.03,0.02,0.05,42.26,0.04
Hr_64,Hr,64,.,.,.,.,.,.,.,.
Hr_65,Hr,65,.,10.64,.,0.05,0.07,0.03,43.29,0.02
Hr_66,Hr,66,.,9.49,.,0.03,0.19,0.04,37.65,0.02
Hr_67,Hr,67,.,3.43,.,0,0.09,0.01,29.46,0.04
Hr_68,Hr,68,.,3.46,.,0.01,0.1,0.01,29.47,0.04
Hr_69,Hr,69,.,3.53,.,0.01,0.07,0.01,29.72,0.05
Hr_70,Hr,70,.,8.81,.,0.01,0.04,0.04,94.19,0.03
Hr_71,Hr,71,.,10.73,.,0.03,0.04,0.09,38.84,0.23
Hr_72,Hr,72,.,7.98,.,0,0.06,0.03,42.09,0.02
Hr_73,Hr,73,.,7.73,.,0.03,0.03,0.05,60.56,0.02
Hr_74,Hr,74,.,13.06,.,0.04,0.04,0.07,41.41,0.19
Hr_75,Hr,75,.,5.09,.,n.a.,0.15,0.02,47,0.02
Hr_76,Hr,76,.,9.18,.,0.03,0.06,0.1,33.53,0.66
Hr_77,Hr,77,.,3.66,.,0.02,0.05,0.03,26.24,0.03
Hr_78,Hr,78,.,11.87,.,0.03,0.05,0.06,44.3,0.24
Hr_79,Hr,79,.,6.9,.,0.04,0.05,0.02,47.58,0.02
Hr_80,Hr,80,.,4.74,.,0.02,0.07,0.03,53.09,0.01
Hr_81,Hr,81,.,5.39,.,0.03,0.04,0.12,36.4,0.15
Hr_82,Hr,82,.,6.37,.,0.02,0.18,0.03,50.72,0.07
Hr_83,Hr,83,.,8.57,.,0.04,0.07,0.1,38.76,0.56
Hr_84,Hr,84,.,4.73,.,0.02,0.03,0.05,53.28,0.03
Hr_85,Hr,85,.,16.39,.,0.56,1.04,0,51.57,.
Hr_86,Hr,86,.,11.02,.,0.67,0.85,0,51.75,.
Hr_87,Hr,87,.,10.87,.,0.67,0.72,0,42.3,.
Hr_88,Hr,88,.,11.96,.,0.41,0.44,0,50.24,.
Hr_89,Hr,89,.,11.06,.,0.4,0.8,0,44.61,.
Hr_90,Hr,90,.,9.53,.,0.42,0.63,0,43.22,.
Hr_91,Hr,91,.,11.7,.,0.4,0.42,0,49.45,.
Hr_92,Hr,92,.,4.98,.,0,0.33,0,41.52,.
Hr_93,Hr,93,.,7.21,.,0,0.35,0,48.43,.
Hr_94,Hr,94,.,5.3,.,0.51,0.4,0,38.81,.
Hr_95,Hr,95,.,5.42,.,0.65,0.45,0,44.71,.
Hr_96,Hr,96,.,5.78,.,0.39,0.46,0,41.17,.
Hr_97,Hr,97,.,4.82,.,0.38,0.31,0,41.73,.
Hr_98,Hr,98,.,5.36,.,0.51,0.39,0,46.96,.
Hr_99,Hr,99,0.5657,10.24,.,0,0,0,52.93,.
Hr_100,Hr,100,0.7071,9.88,.,0.46,0,0,50.18,.
Hr_101,Hr,101,0.5677,13.3,.,0.35,0,0,58.36,.
Hr_102,Hr,102,0.6934,12.79,.,0.44,0,0,56.08,.
Hr_103,Hr,103,0.647,9.15,.,0.35,0,0,54.48,.
Hr_104,Hr,104,0.7439,9.75,.,0,0.19,0,48.27,.
Hr_105,Hr,105,0.7733,9.94,.,0.57,0.39,0,55.13,.
Hr_106,Hr,106,0.7935,9.184,0,0,0,0,62.86,
Hr_107,Hr,107,0.801,9.874,0,0,0.1003,0,64.95,
Hr_108,Hr,108,0.7689,8.41,0,0,2.9005,0.2746,53.78,
Hr_109,Hr,109,0.8109,9.032,0,0,0.2751,0,60.6692,
Hr_110,Hr,110,0.8487,10.661,0.4585,0.1778,1.2389,0,53.358,
Hr_111,Hr,111,0.7573,10.184,0,0,0.5039,0,69.1856,
Hr_112,Hr,112,0.5255,2.878,0,0,0,0,16.45,
Hr_113,Hr,113,0.9494,19.323,0,0.4711,0.9616,0,90.4814,
Hr_114,Hr,114,0.8341,13.329,0,0.2445,0.7662,0,56.8529,
Hr_115,Hr,115,1.0598,15.903,0,0.5477,2.0651,0,47.1475,
Hr_116,Hr,116,0.8015,12.83,0,0,0.6165,0,48.691,
Hr_117,Hr,117,1.0193,9.951,0,0.3767,1.4458,0,35.414,
Hr_118,Hr,118,0.8689,16.164,0,0.1807,1.1639,0,46.5664,
Hr_119,Hr,119,0.9004,15.768,0,0.4337,1.2778,0,51.9092,
Hr_120,Hr,120,0.6963,6.5415,0,0,0.0749,0.1267,42.7342,
Hr_121,Hr,121,0.3605,10.5422,0,0.0818,0.2505,0,54.0956,
Hr_122,Hr,122,0.3634,7.9976,0,0,0.0593,0.2025,47.3539,
Hr_123,Hr,123,0.5722,8.0828,0,0,0.3058,0,48.6123,
Hr_124,Hr,124,0.6436,29.9268,0.397,0.0456,12.3274,1.4464,118.8306,
Hr_125,Hr,125,0.3308,5.8699,0,0,0.2206,0,44.5183,
Hr_126,Hr,126,0.6471,8.9648,0,0.4473,0.9575,0.8092,32.155,
Hr_127,Hr,127,0.7024,8.644,0.2223,0.8729,1.5734,0.6452,56.4585,
Hr_128,Hr,128,0.793,20.124,0.2433,0.9421,1.5431,0.454,131.3759,
Hr_129,Hr,129,0.6944,19.053,0.2184,0.857,1.4511,0.4211,116.3676,
Hr_130,Hr,130,0.6903,8.645,0,0.9576,1.4561,0.6218,56.5267,
Hr_131,Hr,131,0.8169,16.727,0,0.8425,2.0577,0.4155,69.6156,
Hr_132,Hr,132,0.6974,11.776,0,0.8568,1.3793,0.4563,65.5234,
Hr_133,Hr,133,0.9191,7.675,0,0.9129,1.4541,0.7024,57.7795,
Hr_134,Hr,134,0.9534,11.908,1.3675,0.1381,1.577,0,39.3041,
Hr_135,Hr,135,0.8869,14.647,0,0.1422,1.4418,0,62.5723,
Hr_136,Hr,136,0.8564,11.647,1.2359,0.1246,2.0626,0,34.3095,
Hr_137,Hr,137,0.7639,13.441,0,0.2147,0,0.3721,45.6944,
Hr_138,Hr,138,0.8776,11.057,0,0.0621,1.6542,0,32.1065,
Hr_139,Hr,139,1.2811,12.362,1.3933,0.8346,3.5605,0.897,36.5007,
Hr_140,Hr,140,0.3919,12.192,0,0.3726,0.3651,0.3978,46.9591,
Hr_141,Hr,141,.,.,.,.,.,.,.,
Hr_142,Hr,142,0.3986,8.941,0,0.9103,0,0,54.6685,
Hr_143,Hr,143,0.2444,6.005,0,0.0398,0,0,46.9936,
Hr_144,Hr,144,.,.,.,.,.,.,.,
Hr_145,Hr,145,0.2714,6.855,1.3663,0.6141,0.3973,0,56.6249,
Hr_146,Hr,146,0.3162,7.43,0,0.1622,0,0.7507,53.0183,
Hr_147,Hr,147,0.5149,5.809,0,1.1717,0.3908,1.5172,34.9593,
HS_1,HS,1,.,10.32,.,0.05,0.09,0.05,47.35,0.01
HS_2,HS,2,.,11.56,.,0.05,0.05,0.02,52.11,0.03
HS_3,HS,3,.,9.56,.,0.05,0.01,0.04,46.35,0.02
HS_4,HS,4,.,8.99,.,0.07,0.02,0.05,22.53,0.01
HS_5,HS,5,.,11.24,.,0.02,0.04,0.02,43.37,0.03
HS_6,HS,6,.,10.59,.,0.06,0.06,0.07,46.29,0.01
HS_7,HS,7,.,11.3,.,0.05,0.02,0.02,37.2,0.04
HS_8,HS,8,.,12.5,.,0.06,0.13,0.03,43.03,0
HS_9,HS,9,.,12.18,.,0.04,0.04,0.04,50.76,0.03
HS_10,HS,10,.,11.1,.,0.04,0.07,0.04,42.34,0
HS_11,HS,11,.,11.55,.,0.05,0.03,0.04,43.27,0.02
HS_12,HS,12,.,17.77,.,0.06,0.06,0.02,42.51,0.01
HS_13,HS,13,.,12.12,.,0.05,0.11,0.02,42.86,0
HS_14,HS,14,.,13.21,.,0.04,0.05,0.03,44.82,0.04
HS_15,HS,15,.,6.84,.,0.04,0.04,0.03,38.65,0
HS_16,HS,16,.,10.66,.,0.03,0.05,0.02,50.57,0.05
HS_17,HS,17,.,8.76,.,0.06,0.05,0.03,37.33,0
HS_18,HS,18,.,7.43,.,0.07,0.04,0.05,38.61,0.01
HS_19,HS,19,.,8.45,.,0.01,0.16,0.04,49.09,0.03
HS_20,HS,20,.,8.18,.,0.06,0.07,0.04,37.58,0.01
HS_21,HS,21,.,8.08,.,0.05,0.03,0.04,37.69,0.04
HS_22,HS,22,.,29.66,.,0.07,0.02,0.03,102.28,0
HS_23,HS,23,.,10.6,.,0.05,0.1,0.04,50.59,0.02
HS_24,HS,24,.,8.89,.,0.06,0.01,0.04,51.76,0
HS_25,HS,25,.,11.24,.,0.05,0.03,0.03,63.46,0
HS_26,HS,26,.,13.85,.,0.05,0.21,0,54.56,0.02
HS_27,HS,27,.,10.66,.,0.05,0.01,0.03,72.87,0
HS_28,HS,28,.,13.19,.,0.05,0.01,0.01,83.72,0.01
HS_29,HS,29,.,11.76,.,0.06,0.01,0.03,59.88,0.01
HS_30,HS,30,.,10.17,.,0.05,0.02,0.04,41.1,0.03
HS_31,HS,31,.,28.5,.,0.06,0.05,0.04,61.89,0.01
HS_32,HS,32,.,13.32,.,0.07,0.03,0.05,63.27,0.02
HS_33,HS,33,.,8.88,.,0.04,0.03,0.06,41.26,0.02
HS_34,HS,34,.,11.23,.,0.07,0.06,0.04,47.18,0.02
HS_35,HS,35,.,12.76,.,0.07,0.02,0.06,49.32,0.06
HS_36,HS,36,.,18.38,.,0.04,0.12,0.01,49.66,0
HS_37,HS,37,.,15.88,.,0.06,0.09,0.02,49.21,0
HS_38,HS,38,.,1.9,.,0.02,0.01,0,5.16,0.04
HS_39,HS,39,.,19.08,.,0.08,0.06,0.02,52.65,0.05
HS_40,HS,40,.,20.11,.,0.06,0.1,0.03,46.46,0.02
HS_41,HS,41,.,18.29,.,0.06,0.11,0.02,49.38,0
HS_42,HS,42,.,18.96,.,0.07,0.06,0.02,49.63,0.05
HS_43,HS,43,.,9.98,.,0.06,0.13,0.15,49.89,0.02
HS_44,HS,44,.,11.03,.,0.05,0,0.01,55.7,0.05
HS_45,HS,45,.,8.86,.,0.09,0.04,0.04,51.17,0
HS_46,HS,46,.,10.62,.,0.05,0.03,0.07,47.18,0
HS_47,HS,47,.,11.88,.,0.06,0.04,0.01,52.49,0.03
HS_48,HS,48,.,9.14,.,0.05,0.08,0.04,50.01,0
HS_49,HS,49,.,9.99,.,0.08,0.05,0.09,51.72,0
HS_50,HS,50,.,3.75,.,0.04,0.06,0.05,32.55,0.01
HS_51,HS,51,.,6.74,.,0.04,0,0.03,41.13,0
HS_52,HS,52,.,3.82,.,0.03,0.04,0.06,33.81,0.02
HS_53,HS,53,.,3.28,.,0.02,0.03,0.04,24.67,0.03
HS_54,HS,54,.,8.1,.,0.03,0.33,0.05,37.43,0.04
HS_55,HS,55,.,3.18,.,0.03,0.03,0.05,29.72,0.01
HS_56,HS,56,.,3.25,.,0.04,0.05,0.08,30.87,0.05
HS_57,HS,57,.,15.46,.,0.08,0.03,0.04,49.43,0
HS_58,HS,58,.,11.48,.,0.01,0.14,0.01,46.17,0
HS_59,HS,59,.,7.94,.,0.04,0.03,0.04,41.63,0.03
HS_60,HS,60,.,10.62,.,0.08,0.1,0.07,53.83,0
HS_61,HS,61,.,5.96,.,0.05,0.07,0.05,37.74,0
HS_62,HS,62,.,7.28,.,0.05,0.06,0.06,42.29,0
HS_63,HS,63,.,7.97,.,0.03,0.03,0.07,42.61,0
Lm_1,Lm,1,.,26.75,.,0.19,0.06,0.1,69.36,0.13
Lm_2,Lm,2,.,.,.,.,.,.,.,.
Lm_3,Lm,3,.,59.88,.,0.19,0.02,0.08,137.08,0.09
Lm_4,Lm,4,.,44.84,.,0.17,0.02,0.06,113.05,0.04
Lm_5,Lm,5,.,87.98,.,0.28,0.07,0.03,250.13,0.24
Lm_6,Lm,6,.,92.54,.,0.19,0.03,0.02,217.1,0.24
Lm_7,Lm,7,.,.,.,.,.,.,.,.
Lm_8,Lm,8,.,51.97,.,0.13,0.09,0.01,124.52,0.05
Lm_9,Lm,9,.,53.27,.,0.15,0.01,0.01,160.26,0.03
Lm_10,Lm,10,.,.,.,.,.,.,.,.
Lm_11,Lm,11,.,81.11,.,0.27,0.01,0,235.5,0.13
Lm_12,Lm,12,.,.,.,.,.,.,.,.
Lm_13,Lm,13,.,88.22,.,0.22,0.02,0.01,188.56,0.1
Lm_14,Lm,14,.,65.21,.,0.25,0.02,0.02,196.29,0.11
Lm_15,Lm,15,.,64.5,.,0.22,0.03,0.01,165.44,0.17
Lm_16,Lm,16,.,79.29,.,0.19,0.01,0,195.01,0
Lm_17,Lm,17,.,125.29,.,0.44,0.01,0,243.79,0.08
Lm_18,Lm,18,.,54.45,.,0.22,0.02,0,143.63,0.01
Lm_19,Lm,19,.,57.67,.,0.18,0.01,0.02,146.53,0
Lm_20,Lm,20,.,61.13,.,0.17,0.02,0,138.62,0.12
Lm_21,Lm,21,.,54.03,.,0.24,0.02,0,146.85,0.09
Lm_22,Lm,22,.,.,.,.,.,.,.,.
Lm_23,Lm,23,.,25.18,.,0.31,0.03,0.07,60.17,0.04
Lm_24,Lm,24,.,40.53,.,0.19,0.01,0,89.62,0.03
Lm_25,Lm,25,.,15.62,.,0.2,0.03,0,33.25,0.17
Lm_26,Lm,26,.,82.24,.,0.23,0.03,0,227.56,0.13
Lm_27,Lm,27,.,.,.,.,.,.,.,.
Lm_28,Lm,28,.,73.62,.,0.29,0.02,0,186.5,0.06
Lm_29,Lm,29,.,65.9,.,0.22,0.04,0,149.09,0.04
Lm_30,Lm,30,.,37.11,.,0.25,0.1,0,81.16,0.11
Lm_31,Lm,31,.,56.32,.,7.45,0.05,0.01,131.84,0.01
Lm_32,Lm,32,.,.,.,.,.,.,.,.
Lm_33,Lm,33,.,66.59,.,7.41,0.04,0,144.41,0.02
Lm_34,Lm,34,.,45.63,.,6.38,0.04,0,90.2,0.03
Lm_35,Lm,35,.,47.23,.,9.17,0.1,0,151.55,0.2
Lm_36,Lm,36,.,107.12,.,0.38,0.05,0,275.77,0.17
Lm_37,Lm,37,.,.,.,.,.,.,.,.
Lm_38,Lm,38,.,87.31,.,0.19,0.04,0.01,227.13,0.07
Lm_39,Lm,39,.,89.05,.,0.24,0.06,0,223.7,0.14
Lm_40,Lm,40,.,145.86,.,0.54,0.06,0.01,305.58,0.56
Lm_41,Lm,41,.,87.59,.,0.29,0.04,0.1,203.13,0
Lm_42,Lm,42,.,.,.,.,.,.,.,.
Lm_43,Lm,43,.,89.18,.,0.13,0.04,0.02,230.16,0
Lm_44,Lm,44,.,67.62,.,0.27,0,0,142.48,0.09
Lm_45,Lm,45,.,172.08,.,0.52,0.15,0,366.2,0.38
Ll_1,Ll,1,.,.,.,.,.,.,.,.
Ll_2,Ll,2,.,19.48,.,0.08,0.04,0.24,54.86,0
Ll_3,Ll,3,.,22.64,.,0.11,0.02,0.17,48.67,0
Ll_4,Ll,4,.,21.98,.,0.12,0.01,0.11,42.8,0.03
Ll_5,Ll,5,.,21.74,.,0.08,0.72,0.35,50.85,0.01
Ll_6,Ll,6,.,22.57,.,0.12,0.07,0.21,54.6,0
Ll_7,Ll,7,.,8.67,.,0.06,0.02,0.15,22.47,0
Ll_8,Ll,8,.,21.8,.,0.14,0.02,0.08,37.44,0.08
Ll_9,Ll,9,.,20.9,.,0.11,0.07,0.13,65.98,0.01
Ll_10,Ll,10,.,20.33,.,0.1,0.04,0.14,48.81,0
Ll_11,Ll,11,.,20.27,.,0.09,0.01,0.09,45.39,0.05
Ll_12,Ll,12,.,31.37,.,0.1,0.89,0.45,56.02,0.04
Ll_13,Ll,13,.,20.26,.,0.09,0.27,0.17,50.82,0
Ll_14,Ll,14,.,18.05,.,0.1,0.01,0.08,29.97,0
Ll_15,Ll,15,.,23.37,.,0.14,0.01,0.09,42.86,0.08
Ll_16,Ll,16,.,16.75,.,0.06,0.3,0.05,59.6,0.03
Ll_17,Ll,17,.,19.74,.,0.11,0.15,0.29,45.84,0.01
Ll_18,Ll,18,.,24.26,.,0.16,0.01,0.09,43.08,0.05
Ll_19,Ll,19,.,15.7,.,0.06,0.92,0.29,47.8,0.02
Ll_20,Ll,20,.,21.53,.,0.15,0.3,0.44,44.37,0.01
Ll_21,Ll,21,.,22.32,.,0.13,0.01,0.08,51.67,0.01
Ll_22,Ll,22,.,15.98,.,0.08,0.01,0.16,44.73,0.06
Ll_23,Ll,23,.,19.89,.,0.08,0.14,0.14,58.59,0.01
Ll_24,Ll,24,.,19.77,.,0.11,0.02,0.26,65.29,0.01
Ll_25,Ll,25,.,17.39,.,0.09,0.02,0.12,51.14,0.02
Ll_26,Ll,26,.,80.04,.,0.11,4.29,0,207.14,0
Ll_27,Ll,27,.,17.14,.,0.11,0.01,0.23,59.57,0
Ll_28,Ll,28,.,32.18,.,0.12,0.01,0.13,59.35,0
Ll_29,Ll,29,.,21.96,.,0.19,0.03,0.18,61.61,0.06
Ll_30,Ll,30,.,21.94,.,0.1,0.07,0.17,71.26,0.02
Ll_31,Ll,31,.,21.11,.,0.14,0.03,0.22,58.74,0.01
Ll_32,Ll,32,.,23.92,.,0.17,0.02,0.18,57.36,0.06
Ll_33,Ll,33,.,12.85,.,0.05,0.45,0.17,42.46,0.01
Ll_34,Ll,34,.,23.38,.,0.13,0.17,0.24,56.18,0
Ll_35,Ll,35,.,19.75,.,0.1,0.02,0.13,62.41,0
Ll_36,Ll,36,.,18.4,.,0.09,0.01,0.12,49.17,0.11
Ll_37,Ll,37,.,20.85,.,0.09,0.08,0.14,66.65,0.03
Ll_38,Ll,38,.,23.66,.,0.12,0.24,0.2,54.19,0.01
Ll_39,Ll,39,.,22.37,.,0.11,0.03,0.1,49.01,0.05
Ll_40,Ll,40,.,26.73,.,0.25,0.69,0.11,54.64,0.07
Ll_41,Ll,41,.,27.22,.,0.09,0.38,0.11,59.32,0.01
Ll_42,Ll,42,.,19.89,.,0.12,0.04,0.13,50.36,0.01
Ll_43,Ll,43,.,22.51,.,0.14,0.03,0.3,54.93,0
Ll_44,Ll,44,.,20.88,.,0.11,0.04,0.2,71.29,0
Ll_45,Ll,45,.,27.52,.,0.09,0.06,0.28,66.76,0
Ll_46,Ll,46,.,21.02,.,0.15,0.05,0.13,46.94,0.01
Ll_47,Ll,47,.,28.61,.,0.09,0.99,0.62,65.66,0
Ll_48,Ll,48,.,23.69,.,0.11,0.02,0.34,57.15,0
Ll_49,Ll,49,.,16.54,.,0.13,0.03,0.28,58.24,0
Ll_50,Ll,50,.,4.95,.,0.02,0.13,0.01,45.13,0
Ll_51,Ll,51,.,12.59,.,0.06,0.28,0.13,54.2,0
Ll_52,Ll,52,.,5.81,.,0.03,0,0.02,29.25,0.01
Ll_53,Ll,53,.,3.28,.,0.04,0.01,0.04,30.83,0.02
Ll_54,Ll,54,.,14.51,.,0.06,0.63,0.41,45.93,0
Ll_55,Ll,55,.,5.91,.,0.04,0.03,0.05,37.02,0.01
Ll_56,Ll,56,.,8.12,.,0.05,0.01,0.05,36.35,0.02
Ll_57,Ll,57,.,12.63,.,0.09,0.05,0.29,39.09,0.09
Ll_58,Ll,58,.,17.37,.,0.09,0.1,0.19,67.67,0.03
Ll_59,Ll,59,.,14.06,.,0.05,0.03,0.19,50.58,0.02
Ll_60,Ll,60,.,12.29,.,0.1,0.03,0.28,38.54,0.05
Ll_61,Ll,61,.,27.73,.,0.1,1.73,0.66,60.01,0.06
Ll_62,Ll,62,.,11.18,.,0.09,0.08,0.3,38.1,0.02
Ll_63,Ll,63,.,6.39,.,0.03,0.03,0.33,24.21,0
Ll_64,Ll,64,0.7898,20.673,0,0.0039,0,0,87.07,
Ll_65,Ll,65,0.8533,24.765,0,0.4147,0.8447,0.9152,90.15,
Ll_66,Ll,66,0.8211,0.2295,0,0,0.4786,82.01,0,
Ll_67,Ll,67,0.8252,24.975,0,0.3905,0.5703,0.6499,66.96,
Ll_68,Ll,68,1.0809,23.859,0.3487,0,4.291,0.8356,69.98,
Ll_69,Ll,69,0.841,20.181,0,0.235,0.1522,0.4586,67.67,
Ll_70,Ll,70,0.8187,24.811,0,0.2791,0.1259,0.3132,71.25,
Ll_71,Ll,71,.,.,.,.,.,.,.,
Ll_72,Ll,72,1.3227,20.136,0,0,0.1553,0.8642,66.5749,
Ll_73,Ll,73,.,.,.,.,.,.,.,
Ll_74,Ll,74,1.3175,26.783,0,0,0,0.8488,71.0756,
Ll_75,Ll,75,1.6434,14.062,0,0,1.0968,0.8041,41.4189,
Ll_76,Ll,76,.,.,.,.,.,.,.,
Ll_77,Ll,77,1.4062,21.516,0,0.0441,0,0,80.4574,
Ll_78,Ll,78,0.28,21.48,0,0.05,0.05,0,92.12,
Ll_79,Ll,79,0.56,17.44,0,0.48,1.48,0.83,68.1,
Ll_80,Ll,80,0.34,19.64,0,0.07,0.06,0.29,77.37,
Ll_81,Ll,81,0.59,24.28,0,0.3,0.13,0.25,68.23,
Ll_82,Ll,82,0.44,17.61,0,0,3.49,0.44,52.98,
Ll_83,Ll,83,0.56,27.96,0,0.5,1.22,1,71.11,
Ll_84,Ll,84,0.52,25.11,0,1.83,0,0.85,79.69,
Ll_85,Ll,85,0.8198,17.952,0,0.925,1.4494,0.5217,72.3721,
Ll_86,Ll,86,0.8528,24.303,0.3026,0.9179,1.5943,0.9087,89.7886,
Ll_87,Ll,87,0.8231,18.117,0,0.9706,1.4649,0.9147,67.6816,
Ll_88,Ll,88,0.7665,19.307,0,0.8539,1.3425,0.6599,54.5645,
Ll_89,Ll,89,0.8141,32.803,0.3705,0.9142,7.5057,2.2012,84.0968,
Ll_90,Ll,90,0.7634,29.719,0,0.9079,1.3645,0.9105,70.2357,
Ll_91,Ll,91,0.7173,26.551,0,0.9242,1.3611,0.4182,88.2086,
Ll_92,Ll,92,0.8389,20.692,1.2227,0.1517,3.0216,0,54.9121,
Ll_93,Ll,93,0.895,21.646,1.2852,0.1581,2.1091,0.8014,75.2673,
Ll_94,Ll,94,0.816,24.022,0,0.1451,1.5485,0.8363,79.5464,
Ll_95,Ll,95,0.8907,17.512,0,0.3965,1.5023,0.6905,58.4813,
Ll_96,Ll,96,0.8489,20.578,1.2639,0.1269,3.6297,1.4076,45.0803,
Ll_97,Ll,97,0.9742,17.086,1.3675,0.3404,1.4409,1.044,66.4259,
Ll_98,Ll,98,0.716,42.9,0,0.3185,0,0,95.7,
Ll_99,Ll,99,0.3325,25.277,0,0.1822,0.0419,0,45.3461,
Ll_100,Ll,100,0.1677,16.853,0.0137,0.7051,1.7941,0.6028,69.9769,
Ll_101,Ll,101,0.1216,261.812,3.0402,1.2291,0.6962,0,65.5998,
Ll_102,Ll,102,0.3428,10.019,0,0.3127,0,0.1328,36.9016,
Ll_103,Ll,103,0,205.682,1.8768,1.148,2.9646,0.6,62.1856,
Ll_104,Ll,104,0.1626,107.057,0,0.5476,0,0.2783,36.8401,
Ll_105,Ll,105,0.1369,25.744,0,0.2604,0,0,91.6465,
Mn_1,Mn,1,.,13.08,.,0.05,0.01,0.07,61.78,0.01
Mn_2,Mn,2,.,10.44,.,0.05,0.02,0.03,54.04,0.02
Mn_3,Mn,3,.,7.73,.,0.03,0.04,0.01,233.12,0.01
Mn_4,Mn,4,.,5.9,.,0.05,0.02,0.03,36.55,0.02
Mn_5,Mn,5,.,7.32,.,0.04,0.01,0.1,31.03,0.14
Mn_6,Mn,6,.,13.75,.,0.05,0.12,0.07,40.72,0
Mn_7,Mn,7,.,13.8,.,0.09,0.14,0.05,39.09,0
Mn_8,Mn,8,.,10.71,.,0.02,0.57,0.03,120.11,0
Mn_9,Mn,9,.,10.5,.,0.04,0.03,0.04,43.87,0
Mn_10,Mn,10,.,9.22,.,0.06,0.03,0.09,30.78,0.1
Mn_11,Mn,11,.,10.82,.,0.05,0.04,0.01,32.2,0.02
Mn_12,Mn,12,.,7.78,.,0.02,0.19,0.01,33.46,0.02
Mn_13,Mn,13,.,12.9,.,0.06,0.09,.,36.5,0.01
Mn_14,Mn,14,.,10.94,.,0.05,0.04,0.04,31.92,0.01
Mn_15,Mn,15,.,11.43,.,0.01,0.01,0.04,57.1,0.12
Mn_16,Mn,16,.,10.73,.,0.07,0.02,0.05,73.57,0
Mn_17,Mn,17,.,21.63,.,0.07,0.02,0.03,143.55,0
Mn_18,Mn,18,.,17.76,.,0.1,0.13,0.02,78.92,0
Mn_19,Mn,19,.,8.1,.,0.05,0.02,0.03,58.99,0
Mn_20,Mn,20,.,9.08,.,0.07,0.02,0.04,38.6,0.07
Mn_21,Mn,21,.,13.76,.,0.06,0.02,0.09,62.24,0
Mn_22,Mn,22,.,10.16,.,0.04,0.17,0.04,39.93,0.01
Mn_23,Mn,23,.,15.96,.,0.1,0.02,0.02,89.91,0.01
Mn_24,Mn,24,.,10.29,.,0.07,0.01,0.05,50.2,0
Mn_25,Mn,25,.,7.57,.,0.06,0.01,0.07,37.3,0.09
Mn_26,Mn,26,.,16.46,.,0.06,0.14,0.04,48.48,0.01
Mn_27,Mn,27,.,20.81,.,0.07,0.23,0.04,52.79,0
Mn_28,Mn,28,.,12.04,.,0.06,0.12,0.02,58.09,0.01
Mn_29,Mn,29,.,12.57,.,0.05,0.06,0.03,42.86,0
Mn_30,Mn,30,.,16.74,.,0.07,0.04,0.05,72.69,0.11
Mn_31,Mn,31,.,6.8,.,1.44,0.04,0.06,46.87,0.01
Mn_32,Mn,32,.,7.63,.,2.02,0.02,0.05,45.29,0
Mn_33,Mn,33,.,8.04,.,1.75,0.05,0.05,54.89,0.21
Mn_34,Mn,34,.,6.72,.,1.43,0.03,0.06,41.88,0.24
Mn_35,Mn,35,.,8.44,.,1.45,0.02,0.12,45.59,0.02
Mn_36,Mn,36,.,6.07,.,0.03,0.01,0.04,40.92,0
Mn_37,Mn,37,.,6.31,.,0.05,0.07,0.29,26.01,0.01
Mn_38,Mn,38,.,6.19,.,0,0.03,0.25,19.42,0
Mn_39,Mn,39,.,6.2,.,0.05,0.06,0.31,27.19,0.01
Mn_40,Mn,40,.,4.55,.,0.04,0.02,0.05,28.74,0.04
Mn_41,Mn,41,.,5.9,.,0.03,0.02,0.02,34.39,0
Mn_42,Mn,42,.,6.79,.,0.04,0.03,0.05,40.34,0
Mn_43,Mn,43,.,5.62,.,0.06,0.04,0.05,32.42,0
Mn_44,Mn,44,.,5.68,.,0.03,0.03,0.03,33.39,0
Mn_45,Mn,45,.,4.74,.,0.04,0.03,0.06,32.67,0.13
Mn_46,Mn,46,.,10.47,.,0.03,0.03,0.03,37.78,0.01
Mn_47,Mn,47,.,5.37,.,0.02,0.2,0.05,31.64,0.01
Mn_48,Mn,48,.,12.25,.,0.07,0.05,0.03,25.91,0.03
Mn_49,Mn,49,.,4.49,.,0.01,0.1,0.05,30.87,0.03
Mn_50,Mn,50,.,10.47,.,0.02,0.15,0.03,37.75,0.02
Mn_51,Mn,51,.,9.43,.,0.04,0.07,0.04,29.04,0.11
Mn_52,Mn,52,.,9.65,.,0.03,0.06,0.03,42.66,0.01
Mn_53,Mn,53,.,3.64,.,0.01,0.29,0.05,30.73,0
Mn_54,Mn,54,.,13.18,.,0.06,0.07,0.03,30.88,0.03
Mn_55,Mn,55,.,4.84,.,0.01,0.13,0.02,49.59,0.02
Mn_56,Mn,56,.,5.75,.,0.02,0.13,0.05,33.1,0.01
Mn_57,Mn,57,.,12.36,.,0.03,0.06,0.03,39.27,0.11
Mn_58,Mn,58,.,5.18,.,0.03,0.04,0.04,36.59,0.02
Mn_59,Mn,59,.,5.05,.,0.03,0.07,0.04,53.24,0.01
Mn_60,Mn,60,.,11.53,.,0.05,0.08,0.03,21.42,0.04
Mn_61,Mn,61,.,5.66,.,0.03,0.11,0.03,51.75,0.05
Mn_62,Mn,62,.,4.35,.,0.03,0.05,0.05,29.93,0.03
Mn_63,Mn,63,.,11.07,.,0.06,0.04,0.04,39.9,0.1
Mn_64,Mn,64,.,9.8,.,0.4,0.43,0,44.43,.
Mn_65,Mn,65,.,11.17,.,0.58,0.53,0,48.43,.
Mn_66,Mn,66,.,10.17,.,0.4,0.65,0,31.92,.
Mn_67,Mn,67,.,9.69,.,0.69,0.59,0,127.65,.
Mn_68,Mn,68,.,9.88,.,0.37,0.51,0,30.5,.
Mn_69,Mn,69,.,7.93,.,0.46,0.56,0,27.7,.
Mn_70,Mn,70,.,7.17,.,0.39,0.43,0,47.57,.
Mn_71,Mn,71,.,7.66,.,0.44,0.42,0,44.19,.
Mn_72,Mn,72,.,9.63,.,0.54,0.46,0,45.48,.
Mn_73,Mn,73,.,7.08,.,0.64,0.39,0,51.01,.
Mn_74,Mn,74,.,10.86,.,0.54,0.35,0,48.74,.
Mn_75,Mn,75,.,4.04,.,0,0.35,0,38.33,.
Mn_76,Mn,76,.,10.62,.,0.4,0.36,0,35.23,.
Mn_77,Mn,77,.,10.2,.,0.49,0.31,0,34.87,.
Mn_78,Mn,78,0.7551,8.34,.,0.35,0,0,42.47,.
Mn_79,Mn,79,0.7794,10.89,.,0.64,0.24,0,59.97,.
Mn_80,Mn,80,0.5846,6.29,.,0.34,0,0,29.63,.
Mn_81,Mn,81,0.6754,6.43,.,0.46,0,0,42.05,.
Mn_82,Mn,82,0.596,6.87,.,0,0,0,34.51,.
Mn_83,Mn,83,0.7631,9.44,.,0,0,0,48.05,.
Mn_84,Mn,84,0.8085,10.98,.,0.43,0,0,50.1,.
Mn_85,Mn,85,.,.,.,.,.,.,.,
Mn_86,Mn,86,.,.,.,.,.,.,.,
Mn_87,Mn,87,.,.,.,.,.,.,.,
Mn_88,Mn,88,.,.,.,.,.,.,.,
Mn_89,Mn,89,1.1712,13.72,0,0,0,0,49.1487,
Mn_90,Mn,90,1.4341,11.478,0,0.1393,0,0,34.6978,
Mn_91,Mn,91,1.4625,9.162,0,0,0,0,43.7944,
Mn_92,Mn,92,1.4215,9.971,0,0.1263,0,0,35.0822,
Mn_93,Mn,93,.,.,.,.,.,.,.,
Mn_94,Mn,94,0.3737,19.7749,0,0.0897,0.2599,0,61.9522,
Mn_95,Mn,95,0.2105,22.9404,0,0.0536,0.0659,0,115.5933,
Mn_96,Mn,96,0.3616,9.6087,0,0.3712,1.0094,0,51.9676,
Mn_97,Mn,97,0.7036,7.55,0,0.9215,1.5521,0.5784,44.07,
Mn_98,Mn,98,0.6551,11.98,0,0.9793,1.5271,0.6141,15,
Mn_99,Mn,99,0.5553,7.94,0,0.8916,1.5217,0.5398,47.8,
Mn_100,Mn,100,0.5755,11.53,0,0.8535,1.4899,0.5241,43.5,
Mt_1,Mt,1,.,6.32,.,0.04,0.01,0.05,39.34,0.02
Mt_2,Mt,2,.,10.76,.,0.04,0.03,0.06,49.95,0.01
Mt_3,Mt,3,.,17.21,.,0.06,0.01,0.06,44.87,0.12
Mt_4,Mt,4,.,6.3,.,0.05,0.02,0.06,35.65,0.05
Mt_5,Mt,5,.,31.89,.,0.08,0.04,0.03,135.27,0.16
Mt_6,Mt,6,.,10.36,.,0.04,0.01,0.03,42.44,0.01
Mt_7,Mt,7,.,11.33,.,0.05,0.09,0.03,41.65,0.01
Mt_8,Mt,8,.,9.47,.,0.05,0.01,0.09,23.9,0.07
Mt_9,Mt,9,.,10.83,.,0.05,0.01,0.04,45.59,0.04
Mt_10,Mt,10,.,17.77,.,0.06,0.02,0,81.84,0.06
Mt_11,Mt,11,.,10.99,.,0.07,0.01,0.03,37.05,0.01
Mt_12,Mt,12,.,7.25,.,0.04,0.02,0.02,37.26,0.01
Mt_13,Mt,13,.,14.51,.,0.06,0.01,0.05,25.05,0.09
Mt_14,Mt,14,.,12.02,.,0.12,0.01,0.06,37.6,0.03
Mt_15,Mt,15,.,14.56,.,0.05,0.01,0.06,64.26,0.12
Mt_16,Mt,16,.,6.25,.,0.06,0.01,0.04,43.06,0
Mt_17,Mt,17,.,10.94,.,0.06,0.01,0.05,69.74,0
Mt_18,Mt,18,.,17.23,.,0.07,0.01,0.05,32.85,0
Mt_19,Mt,19,.,7.73,.,0.06,0.02,0.05,42.59,0
Mt_20,Mt,20,.,22.51,.,0.06,0.03,0.04,48.72,0.01
Mt_21,Mt,21,.,12.73,.,0.06,0.01,0.04,80.43,0.03
Mt_22,Mt,22,.,13.24,.,0.05,0.02,0.06,58.42,0.04
Mt_23,Mt,23,.,12.69,.,0.08,0.01,0.07,27.19,0.13
Mt_24,Mt,24,.,12.23,.,0.06,0.01,0.07,62.38,0.08
Mt_25,Mt,25,.,9.93,.,0.08,0.02,0.07,46.65,0.08
Mt_26,Mt,26,.,8.88,.,0.05,0.03,0.04,37.56,0.03
Mt_27,Mt,27,.,17.57,.,0.09,0.11,0.04,49.19,0.01
Mt_28,Mt,28,.,13.38,.,0.06,0.02,0.05,34.63,0.08
Mt_29,Mt,29,.,10.99,.,0.09,0.03,0.05,41.76,0.04
Mt_30,Mt,30,.,11.74,.,0.08,0.04,0.06,63.24,0.08
Mt_31,Mt,31,.,6.79,.,0.08,0.02,0.06,44.3,0
Mt_32,Mt,32,.,8.54,.,1.64,0.11,0.06,46.37,0
Mt_33,Mt,33,.,11.28,.,2.13,0.04,0.08,32.9,0.01
Mt_34,Mt,34,.,7.86,.,1.81,0.04,0.09,46.33,0
Mt_35,Mt,35,.,11.17,.,0.08,0.05,0.08,51.13,0.01
Mt_36,Mt,36,.,4.15,.,0.04,0.02,0.06,29.06,0.02
Mt_37,Mt,37,.,2.98,.,0.03,0.03,0.02,30.49,0.01
Mt_38,Mt,38,.,15.27,.,0.09,0.03,0.1,42.16,0.05
Mt_39,Mt,39,.,7.13,.,0.06,0.02,0.06,35.48,0.03
Mt_40,Mt,40,.,12.98,.,0.09,0.06,0.15,44.35,0.04
Mt_41,Mt,41,.,6.71,.,0.05,0.04,0.05,38.59,0.02
Mt_42,Mt,42,.,7.9,.,0.06,0.05,0.08,41.3,0
Mt_43,Mt,43,.,8.88,.,0.07,0.06,0.08,14.99,0.15
Mt_44,Mt,44,.,6.7,.,0.06,0.04,0.06,33.21,0.07
Mt_45,Mt,45,.,8.15,.,0.12,0.03,0.11,43.51,0.14
oo_1,oo,1,.,.,.,.,.,.,.,.
oo_2,oo,2,.,.,.,.,.,.,.,6.57
oo_3,oo,3,.,5.58,.,0.09,0.05,0.05,32.1,0.02
oo_4,oo,4,.,6.15,.,0.08,0.06,0.28,12.86,0.09
oo_5,oo,5,.,6.57,.,0.11,0.1,0.06,42.27,0.03
oo_6,oo,6,.,10.08,.,0.28,0.11,0.32,3.96,3.77
oo_7,oo,7,.,15.41,.,0.12,0.22,0.03,27.31,1.56
oo_8,oo,8,.,3.58,.,0.05,0.1,0.05,24.57,0.09
oo_9,oo,9,.,7.84,.,0.07,0.09,0.01,34.33,0.49
oo_10,oo,10,.,2.31,.,0.03,0.07,0.04,17.74,0.13
oo_11,oo,11,.,7.95,.,0.16,0.03,0.09,1.14,7.35
oo_12,oo,12,.,13.7,.,0.15,0.07,0.05,10.66,2
oo_13,oo,13,.,10.45,.,0.03,0.03,0.03,52.51,0.14
oo_14,oo,14,.,9.43,.,0.07,0.12,0.06,47.12,0.36
oo_15,oo,15,.,5.79,.,0.01,0.09,0.03,32.39,0.03
RC_1,RC,1,.,60.6,.,0.43,0.05,0.16,106.34,0.47
RC_2,RC,2,.,27.43,.,0.12,0.3,0.2,84.42,0.03
RC_3,RC,3,.,232.95,.,0.86,0.01,0.15,344.83,0.66
RC_4,RC,4,.,41.33,.,0.26,0.02,0.08,84.79,0.25
RC_5,RC,5,.,20.78,.,0.12,0.45,0.27,52.7,0.02
RC_6,RC,6,.,73.3,.,0.34,0.02,0.12,159.36,0.32
RC_7,RC,7,.,85.51,.,0.36,0.04,0.16,136.65,0.34
RC_8,RC,8,.,71.05,.,0.31,0.02,0.24,142.32,0.34
RC_9,RC,9,.,27.27,.,0.13,0.13,0.15,85.59,0.02
RC_10,RC,10,.,125.83,.,0.59,0.03,0.27,202.09,0.37
RC_11,RC,11,.,.,.,.,.,.,.,.
RC_12,RC,12,.,33.29,.,0.11,0.57,0.35,88.54,0.04
RC_13,RC,13,.,90.84,.,0.37,0.02,0.06,177.82,0.29
RC_14,RC,14,.,67.58,.,0.24,0.02,0.07,157.49,0.26
RC_15,RC,15,.,29.08,.,0.14,0.01,0.14,57.38,0.31
RC_16,RC,16,.,30.94,.,0.09,0.35,0.1,86.05,0.03
RC_17,RC,17,.,101.62,.,0.96,0.01,0.11,120.24,0.72
RC_18,RC,18,.,28.46,.,0.14,0.02,0.23,77.66,0.19
RC_19,RC,19,.,17.29,.,0.06,0.37,0.15,43.33,0.01
RC_20,RC,20,.,116,.,0.37,0.01,0.06,184.94,0.33
RC_21,RC,21,.,118.51,.,0.42,0.01,0.03,161.77,0.37
RC_22,RC,22,.,60.3,.,0.26,0.36,0.11,127.7,0.25
RC_23,RC,23,.,38.6,.,0.16,0.76,0.13,116.52,0.01
RC_24,RC,24,.,127.37,.,0.82,0.02,0.22,173.67,0.52
RC_25,RC,25,.,27.13,.,0.14,0.01,0.11,76.85,0.12
RC_26,RC,26,.,13.78,.,0.05,0.76,0.06,58.89,0.03
RC_27,RC,27,.,58.07,.,0.31,2.51,0.09,126.96,0.12
RC_28,RC,28,.,31.87,.,0.13,0.02,0.07,83.03,0.19
RC_29,RC,29,.,78.26,.,0.45,0.48,0.15,133,0.42
RC_30,RC,30,.,.,.,.,.,.,.,.
RC_31,RC,31,.,87.91,.,0.61,0.02,0.17,143.58,0.53
RC_32,RC,32,.,27.15,.,0.14,0.02,0.14,91.73,0.13
RC_33,RC,33,.,15.58,.,0.06,0.54,0.23,44.36,0.03
RC_34,RC,34,.,41.41,.,0.26,0.14,0.09,77.84,0.23
RC_35,RC,35,.,59.36,.,0.2,0.04,0.09,164.5,0.3
RC_36,RC,36,.,134.33,.,0.38,5.86,0.03,311.94,0.18
RC_37,RC,37,.,27.2,.,0.14,0.13,0.14,86.91,0.04
RC_38,RC,38,.,61.98,.,0.33,0.05,0.14,142.29,0.37
RC_39,RC,39,.,28.67,.,0.12,0.04,0.11,82.11,0.16
RC_40,RC,40,.,25.09,.,0.15,0.71,0.2,53.6,0.04
RC_41,RC,41,.,142.97,.,0.46,3.36,0.03,266.58,0.1
RC_42,RC,42,.,94.5,.,0.31,0.09,0.05,233.78,0.27
RC_43,RC,43,.,36.68,.,0.2,0.05,0.23,64.35,0.07
RC_44,RC,44,.,29.12,.,0.12,0.42,0.2,88.18,0
RC_45,RC,45,.,63.83,.,0.36,0.09,0.17,157.27,0.66
RC_46,RC,46,.,24.89,.,0.17,0.02,0.15,78.01,0.06
RC_47,RC,47,.,26.74,.,0.08,0.84,0.59,64.78,0.02
RC_48,RC,48,.,26.71,.,0.16,0.04,0.28,76.64,0.09
RC_49,RC,49,.,63.09,.,0,0.02,0.04,110.94,0.07
RC_50,RC,50,.,66.34,.,0.37,0.03,0.15,183.35,0.36
RC_51,RC,51,.,20.98,.,0.04,0.5,0.2,66.3,0
RC_52,RC,52,.,118.05,.,0.45,0.15,0.04,389.99,1.3
RC_53,RC,53,.,56.03,.,0.15,0.08,0.04,168.15,0.23
RC_54,RC,54,.,18.04,.,0.07,0.86,0.43,48.22,0.02
RC_55,RC,55,.,59.81,.,0.23,0.04,0.31,126.98,0.26
RC_56,RC,56,.,69.6,.,0.34,0.04,0.09,177.77,0.39
RC_57,RC,57,.,62.35,.,0.24,0.03,0.07,197.54,0.4
RC_58,RC,58,.,26.82,.,0.07,0.79,0.28,78.37,0.01
RC_59,RC,59,.,115.8,.,0.78,0.1,0.02,332.75,1.62
RC_60,RC,60,.,55.9,.,0.21,0.07,0.15,141.7,0.21
RC_61,RC,61,.,22.14,.,0.1,1.12,0.51,56.75,0.1
RC_62,RC,62,.,80.31,.,0.34,0.03,0.32,219.99,0.58
RC_63,RC,63,.,68.7,.,0.3,0.09,0.1,187.04,0.43
Rf_1,Rf,1,.,37.22,.,0.18,0.01,0.11,59.88,0.31
Rf_2,Rf,2,.,62.09,.,0.28,0.03,0.12,61.99,0.47
Rf_3,Rf,3,.,79.69,.,0.25,0.02,0.07,100.64,0.18
Rf_4,Rf,4,.,30.93,.,0.14,0.02,0.15,75.25,0.2
Rf_5,Rf,5,.,27.99,.,0.15,0.01,0.11,63.56,0.15
Rf_6,Rf,6,.,74.47,.,0.21,0.01,0.11,128.76,0.3
Rf_7,Rf,7,.,69.93,.,0.24,0.02,0.15,95.28,0.47
Rf_8,Rf,8,.,73.39,.,0.21,0.01,0.08,132.19,0.12
Rf_9,Rf,9,.,110.56,.,0.2,0.01,0.07,157.89,0.27
Rf_10,Rf,10,.,50.9,.,0.17,0.01,0.06,127.59,0.15
Rf_11,Rf,11,.,36.73,.,0.19,0.01,0.09,77.67,0.27
Rf_12,Rf,12,.,40.94,.,0.19,0.01,0.1,52.19,0.6
Rf_13,Rf,13,.,64.24,.,0.26,0.02,0.2,92.17,0.12
Rf_14,Rf,14,.,17.95,.,0.09,0.01,0.04,30.89,0.22
Rf_15,Rf,15,.,18.86,.,0.1,0.01,0.06,36.36,0.41
Rf_16,Rf,16,.,37.03,.,0.19,0.01,0.15,94.47,0.2
Rf_17,Rf,17,.,77.98,.,0.24,0.02,0.14,99.44,0.52
Rf_18,Rf,18,.,49.86,.,0.21,0.02,0.18,77.77,0.01
Rf_19,Rf,19,.,29.09,.,0.13,0.02,0.13,77.78,0.13
Rf_20,Rf,20,.,30.76,.,0.12,0.02,0.15,86.04,0.07
Rf_21,Rf,21,.,49.84,.,0.28,0.02,0.08,105.63,0.28
Rf_22,Rf,22,.,89.87,.,0.29,0.04,0.33,84.9,0.61
Rf_23,Rf,23,.,47.8,.,0.2,0.02,0.19,69.21,0.15
Rf_24,Rf,24,.,38.37,.,0.21,0.02,0.09,92.39,0.22
Rf_25,Rf,25,.,47.19,.,0.26,0.02,0.05,100.19,0.22
Rf_26,Rf,26,.,76.45,.,0.29,0.03,0.1,150.55,0.25
Rf_27,Rf,27,.,31.32,.,0.18,0.03,0.29,68.34,0.34
Rf_28,Rf,28,.,38.69,.,0.18,0.03,0.2,72.4,0.12
Rf_29,Rf,29,.,49.45,.,0.24,0.06,0.14,110.06,0.11
Rf_30,Rf,30,.,56.78,.,0.2,0.02,0.06,173.52,0.16
Rf_31,Rf,31,.,26.71,.,0.14,0.04,0.22,82.99,0.09
Rf_32,Rf,32,.,30.5,.,0.18,0.03,0.39,58.14,0.44
Rf_33,Rf,33,.,28.6,.,0.17,0.04,0.18,65.87,0.01
Rf_34,Rf,34,.,25.74,.,0.14,0.03,0.16,61.66,0.07
Rf_35,Rf,35,.,27.02,.,0.15,0.03,0.27,77.34,0.01
Rf_36,Rf,36,.,84.85,.,0.43,0.07,0.15,159.07,0.18
Rf_37,Rf,37,.,29.03,.,0.18,0.02,0.35,65.48,0.58
Rf_38,Rf,38,.,27.03,.,0.13,0.05,0.3,73.91,0.19
Rf_39,Rf,39,.,87.96,.,0.52,0.06,0.07,117.33,0.63
Rf_40,Rf,40,.,71.28,.,0.31,0.07,0.01,212.48,0.33
Rf_41,Rf,41,.,94.97,.,0.32,0.04,0.1,174.74,0.61
Rf_42,Rf,42,.,129.73,.,0.53,0.06,0.12,146.67,1.15
Rf_43,Rf,43,.,42.73,.,0.19,0.08,0.28,93.04,0.28
Rf_44,Rf,44,.,70.35,.,0.28,0.03,0.08,148.35,0.66
Rf_45,Rf,45,.,69.42,.,0.49,0.05,0.05,175.42,0.55
Rn_1,Rn,1,.,10.4,.,0.39,0.94,0,56.58,.
Rn_2,Rn,2,.,10.63,.,0.4,0.58,0,52.16,.
Rn_3,Rn,3,.,11.24,.,0.55,0.56,0,65.54,.
Rn_4,Rn,4,.,8.73,.,0.39,0.5,0,52.5,.
Rn_5,Rn,5,.,10.72,.,0.39,0.4,0,52.2,.
Rn_6,Rn,6,.,10.42,.,0.46,0.56,0,52.83,.
Rn_7,Rn,7,.,16.31,.,0.56,0.45,0,74.43,.
Rn_8,Rn,8,.,7.44,.,0,1.12,0,47.96,.
Rn_9,Rn,9,.,11.65,.,0.4,0.33,0,58.73,.
Rn_10,Rn,10,.,12.06,.,0.37,0,0,57.57,.
Rn_11,Rn,11,.,11.58,.,0.53,0.41,0,47.54,.
Rn_12,Rn,12,.,10.02,.,0.46,0.31,0,44.55,.
Rn_13,Rn,13,0.7217,6.82,.,0.37,0,0,49.96,.
Rn_14,Rn,14,0.7446,11.52,.,0.73,0.58,0,62.18,.
Rn_15,Rn,15,0.8183,17.34,.,0.36,0,0,77.45,.
Rn_16,Rn,16,0.7792,7.58,.,0.37,0.19,0,54.81,.
Rn_17,Rn,17,0.312,1.61,.,0,0,0,10.53,.
Rn_18,Rn,18,0.5359,10.47,.,0,0,0,56.49,.
Rg_1,Rg,1,.,.,.,.,.,.,.,.
Rg_2,Rg,2,.,11.23,.,0.04,0.05,0.02,52.06,0.01
Rg_3,Rg,3,.,37.96,.,0.12,0.02,0.05,164.19,0.1
Rg_4,Rg,4,.,43.09,.,0.12,0.02,0.45,163.24,0.12
Rg_5,Rg,5,.,3.98,.,0.03,0.02,0.05,18.93,0.04
Rg_6,Rg,6,.,6.36,.,0.03,0.02,0.07,30.37,0.05
Rg_7,Rg,7,.,6.27,.,0,0.01,0.05,27.79,0.04
Rg_8,Rg,8,.,12.68,.,0.05,0.04,0,49.77,0.02
Rg_9,Rg,9,.,18.85,.,0.05,0.01,0.05,89.18,0.06
Rg_10,Rg,10,.,37.46,.,0.08,0.01,0.01,159.84,0.11
Rg_11,Rg,11,.,7.4,.,0.1,0.01,0,18.9,0.02
Rg_12,Rg,12,.,6.16,.,0.07,0.01,0.02,14.51,0.03
Rg_13,Rg,13,.,10.42,.,0.08,0.02,0.07,36.29,0.05
Rg_14,Rg,14,.,9.17,.,0.05,0.05,0.05,44.63,0.02
Rg_15,Rg,15,.,12.26,.,0.08,0.01,0.1,49.15,0.05
Rg_16,Rg,16,.,13.44,.,0.07,0.01,0.04,54.69,0.07
Rg_17,Rg,17,.,11.98,.,0.08,0.01,0.04,41.39,0.03
Rg_18,Rg,18,.,10.86,.,0.08,0.01,0.05,37.98,0.03
Rg_19,Rg,19,.,13.95,.,0.07,0.02,0.03,49.29,0
Rg_20,Rg,20,.,13.05,.,0.06,0.12,0.02,71.86,0.01
Rg_21,Rg,21,.,12.1,.,0.06,0.01,0.06,47.55,0
Rg_22,Rg,22,.,16.63,.,0.07,0.01,0.03,71.97,0.05
Rg_23,Rg,23,.,15.62,.,0.08,0.01,0.02,46.64,0
Rg_24,Rg,24,.,10.55,.,0.04,0.02,0.02,33.72,0.03
Rg_25,Rg,25,.,19.39,.,0.09,0.02,0.06,77.95,0.03
Rg_26,Rg,26,.,12.93,.,0.07,0.03,0.06,60.31,0
Rg_27,Rg,27,.,17.47,.,0.09,0.02,0.08,61.22,0.04
Rg_28,Rg,28,.,14.14,.,0.11,0.01,0.06,49.96,0.06
Rg_29,Rg,29,.,11.51,.,0.08,0.01,0.04,45.98,0.04
Rg_30,Rg,30,.,8.63,.,0.07,0.02,0.06,41.19,0.03
Rg_31,Rg,31,.,14,.,0.06,0.03,0.03,56.79,0.04
Rg_32,Rg,32,.,16.6,.,0.07,0.08,0.02,51.05,0.01
Rg_33,Rg,33,.,26.76,.,0.1,0.02,0.03,122.02,0.06
Rg_34,Rg,34,.,32.51,.,0.13,0.03,0.01,127.48,0.1
Rg_35,Rg,35,.,14.57,.,0.07,0.03,0.03,57.45,0.04
Rg_36,Rg,36,.,11.87,.,0.06,0.03,0.03,50.38,0.03
Rg_37,Rg,37,.,8.39,.,0.04,0.07,0,56.86,0
Rg_38,Rg,38,.,10.14,.,0.05,0.1,0.01,49.15,0.04
Rg_39,Rg,39,.,14.5,.,0.06,0.09,0.09,71.15,0.02
Rg_40,Rg,40,.,21.2,.,0.09,0.03,0.06,86.85,0.07
Rg_41,Rg,41,.,10.6,.,0.07,0.07,0.04,66.28,0
Rg_42,Rg,42,.,7.89,.,0.06,0.08,0.1,53.33,0.01
Rg_43,Rg,43,.,19.83,.,0.05,0.04,0.04,95.33,0.06
Rg_44,Rg,44,.,5.9,.,0.03,0.19,0.01,44.83,0.01
Rg_45,Rg,45,.,37.88,.,0.15,0.09,0.04,149.65,0.03
Rg_46,Rg,46,.,47.14,.,0.1,0.06,0.02,180.28,0.05
Rg_47,Rg,47,.,13.53,.,0.06,0.04,0.04,69.36,0.04
Rg_48,Rg,48,.,14.67,.,0.04,0.01,0.03,79.21,0
Rg_49,Rg,49,.,5.1,.,0.03,0.03,0.05,33.63,0.01
Rg_50,Rg,50,.,8.69,.,0.04,0.07,0.03,45.23,0
Rg_51,Rg,51,.,14.55,.,0.09,0.04,0.09,79.55,0.06
Rg_52,Rg,52,.,23.61,.,0.14,0.03,0.02,104.81,0.12
Rg_53,Rg,53,.,6.5,.,0.04,0.05,0.06,35.86,0.02
Rg_54,Rg,54,.,7.01,.,0.04,0.04,0.04,42.9,0.04
Rg_55,Rg,55,.,13.97,.,0.06,0.07,0.06,53.35,0.03
Rg_56,Rg,56,.,10.61,.,0.05,0.1,0.05,43.23,0.03
Rg_57,Rg,57,.,15.85,.,0.03,0.05,0.06,59.69,0.04
Rg_58,Rg,58,.,13.78,.,0.05,0.04,0.06,49.68,0.08
Rg_59,Rg,59,.,13.26,.,0.06,0.05,0.05,48.8,0.04
Rg_60,Rg,60,.,12.3,.,0.06,0.08,0.02,43.66,0.04
Rg_61,Rg,61,.,13.19,.,0.03,0.04,0.04,50.22,0.04
Rg_62,Rg,62,.,7.49,.,0.01,0.08,0.01,42.73,0.02
Rg_63,Rg,63,.,15.1,.,0.03,0.03,0.05,56.36,0.07
Rg_64,Rg,64,.,17.75,.,0,0.06,0.03,63.78,0.07
Rg_65,Rg,65,.,13.59,.,0.03,0.03,0.03,49,0.05
Rg_66,Rg,66,.,13.2,.,0.02,0.03,0.03,39.39,0.06
Rg_67,Rg,67,.,12.65,.,0.06,0.04,0.04,43.42,0.04
Rg_68,Rg,68,.,6.95,.,0.03,0.07,0.02,52.8,0.06
Rg_69,Rg,69,.,32.92,.,0.12,0.03,0.05,133.18,0.09
Rg_70,Rg,70,.,16.48,.,0.06,0.05,0.02,62.48,0.07
Rg_71,Rg,71,.,11.33,.,0.07,0.04,0.06,44.24,0.04
Rg_72,Rg,72,.,17.29,.,0.08,0.05,0.02,77.92,0.07
Rg_73,Rg,73,0.5495,3.722,0,0,0,0,20.739,
Rg_74,Rg,74,.,.,.,.,.,.,.,
Rg_75,Rg,75,0.5573,8.146,0,0,0,0,32.4139,
Rg_76,Rg,76,1.0739,13.786,0,0.2349,0.3991,0,60.7876,
Rg_77,Rg,77,.,.,.,.,.,.,.,
Rg_78,Rg,78,0.8357,13.308,0,0,8.8762,0,84.4065,
Rg_79,Rg,79,0.7527,9.824,0,0,0,0,77.6278,
Rg_80,Rg,80,0.9955,11.031,0,0.4499,0.869,0,58.1359,
Rg_81,Rg,81,0.8527,13.385,0,0.2247,0.9625,0,54.3943,
Rg_82,Rg,82,0.9044,15.164,0,0.2401,0.624,0,78.5449,
Rg_83,Rg,83,1.1001,13.128,0,0.4662,0.8114,0,47.8164,
Rg_84,Rg,84,0.8558,9.86,0.2944,0.1699,1.6769,0,36.6001,
Rg_85,Rg,85,0.9228,16.945,0,0.5159,1.1477,0,71.6668,
Rg_86,Rg,86,1.1046,10.275,0,0.6148,1.5879,0,49.5007,
Rg_87,Rg,87,0.59,15.35,0,0.27,0.15,0,54.21,
Rg_88,Rg,88,0.48,16.6,0,0.35,0.57,0,55.25,
Rg_89,Rg,89,0.32,13.02,0,0,0,0,60.41,
Rg_90,Rg,90,0.86,23.37,0,0.51,0.41,0,80.85,
Rg_91,Rg,91,0.39,4.05,0,0,1.08,0,19.08,
Rg_92,Rg,92,0.58,13.94,0,0.33,0.21,0,45.68,
Rg_93,Rg,93,0.5,11.45,0,0.36,0.24,0,40.32,
Rg_94,Rg,94,0.6986,11.586,0,0.9779,1.5742,0.7796,50.4405,
Rg_95,Rg,95,0.6469,10.798,0.2662,0.8329,1.7922,0.8211,66.9351,
Rg_96,Rg,96,0.7063,18.614,0,0.9628,1.6333,0.8388,63.2434,
Rg_97,Rg,97,0.7121,30.862,0,0.7099,0.9666,0,73.5603,
Rg_98,Rg,98,0.7101,13.408,0,0.8298,2.0939,0.8321,60.4014,
Rg_99,Rg,99,0.663,24.858,0,0.9055,1.1807,0,93.3413,
Rg_100,Rg,100,0.6239,9.853,0,0.58,0,0,45.2287,
Rg_101,Rg,101,0.5762,13.894,0,0.3655,0.3568,0.4016,63.7406,
Rg_102,Rg,102,0.4746,11.132,0,0.3488,0.4535,0,45.3989,
Rg_103,Rg,103,0.6746,13.052,0,0.5939,0.4321,0.4708,52.3808,
Rg_104,Rg,104,0.7728,9.165,0,0.3538,0.3696,0.4198,48.1393,
Rg_105,Rg,105,0.4433,10.994,0.5946,0.3947,0.6072,0.3115,32.3596,
Rg_106,Rg,106,0.5204,11.958,0,0.3667,0.3635,0.3471,54.3761,
Rg_107,Rg,107,0.8152,9.491,0,0.1664,1.4283,0,58.8482,
Rg_108,Rg,108,.,.,.,.,.,.,.,
Rg_109,Rg,109,0.353,9.661,1.5436,0.7552,0.928,0,57.2084,
Rg_110,Rg,110,0.483,13.542,0,0.5723,0.4976,0.3661,50.2646,
Rg_111,Rg,111,0.3891,19.821,0,0.742,0.7308,0.5862,62.5369,
Rg_112,Rg,112,.,.,.,.,.,.,.,
Rg_113,Rg,113,0.3949,11.649,0,0.5838,0.3635,0,45.9376,
Rg_114,Rg,114,0.3134,6.467,0,0.0407,0.1387,0.2894,40.4312,
Rt_1,Rt,1,.,5.28,.,0.05,0.01,0.02,36.77,0
Rt_2,Rt,2,.,9.78,.,0.05,0.03,0.03,45.38,0
Rt_3,Rt,3,.,4.82,.,0.03,0.01,0.05,29.77,0
Rt_4,Rt,4,.,5.1,.,0.03,0.01,0.03,30.44,0.01
Rt_5,Rt,5,.,9.89,.,0.03,0.04,0.02,40.14,0.01
Rt_6,Rt,6,.,6.47,.,0,0.01,0.06,40.23,0.08
Rt_7,Rt,7,.,6.61,.,0.06,0.01,0.04,40.33,0
Rt_8,Rt,8,.,11.49,.,0.05,0.01,0.01,52.28,0.01
Rt_9,Rt,9,.,.,.,.,.,.,.,.
Rt_10,Rt,10,.,10.88,.,0.03,0.01,0.03,56.13,0.01
Rt_11,Rt,11,.,10.1,.,0.04,0.02,0.02,44.71,0.01
Rt_12,Rt,12,.,15.46,.,0.06,0.12,0.02,42.91,0.01
Rt_13,Rt,13,.,10.76,.,0.05,0.01,0.04,43.38,0
Rt_14,Rt,14,.,13.64,.,0.06,0.03,0.05,53.6,0.01
Rt_15,Rt,15,.,9.85,.,0.08,0.01,0.02,32.38,0.01
Rt_16,Rt,16,.,13.49,.,0.06,0.01,0.07,44.6,0.01
Rt_17,Rt,17,.,11.65,.,0.05,0.28,0.05,39.2,0.02
Rt_18,Rt,18,.,5.96,.,0.02,0.1,0.03,40.84,0.02
Rt_19,Rt,19,.,8.02,.,0.05,0.05,0.02,36.1,0.01
Rt_20,Rt,20,.,7.31,.,0.05,0.22,0.06,37.3,0.02
Rt_21,Rt,21,.,27.83,.,0.1,0.01,0.01,131.5,0
Rt_22,Rt,22,.,8.06,.,0.05,0.01,0.02,50.27,0
Rt_23,Rt,23,.,9.04,.,0.06,0.12,0.02,62.25,0
Rt_24,Rt,24,.,5.37,.,0.02,0.35,0.03,29.85,0.03
Rt_25,Rt,25,.,8.47,.,0.07,0.01,0.04,64.39,0
Rt_26,Rt,26,.,14.87,.,0.06,0.02,0.03,95.46,0
Rt_27,Rt,27,.,16.24,.,0.11,0.01,0.01,64.16,0
Rt_28,Rt,28,.,10.07,.,0.06,0.02,0.05,41.39,0
Rt_29,Rt,29,.,13.38,.,0.07,0.05,0.03,65.12,0
Rt_30,Rt,30,.,10.08,.,0.06,0.01,0.03,45.4,0
Rt_31,Rt,31,.,6.51,.,0.03,0.09,0.03,33.31,0.03
Rt_32,Rt,32,.,10.84,.,0.06,0.02,0.02,47.63,0
Rt_33,Rt,33,.,13.36,.,0.05,0.05,0.01,50.59,0.01
Rt_34,Rt,34,.,12.43,.,0.07,0.02,0.03,45.98,0.01
Rt_35,Rt,35,.,12.58,.,0.05,0.09,0.03,43.43,0.01
Rt_36,Rt,36,.,19.25,.,0.08,0.11,0.03,45.01,0.02
Rt_37,Rt,37,.,16.65,.,0.05,0.07,0.02,45.98,0.01
Rt_38,Rt,38,.,16.8,.,0.07,0.19,0.02,47.09,0.01
Rt_39,Rt,39,.,8.67,.,0.04,0.02,0.03,49.17,0
Rt_40,Rt,40,.,6.81,.,0.05,0.03,0.03,47.7,0.01
Rt_41,Rt,41,.,7.8,.,0.05,0.06,0,44.95,0
Rt_42,Rt,42,.,13.25,.,0.06,0.16,0.04,52.01,0
Rt_43,Rt,43,.,9.92,.,0.06,0.07,0.02,48.53,0.01
Rt_44,Rt,44,.,10.83,.,0.04,0.11,0.03,55.06,0
Rt_45,Rt,45,.,5.7,.,0.05,0.07,0.03,40.93,0.03
Rt_46,Rt,46,.,10.87,.,0,0.06,0.04,56.26,0.03
Rt_47,Rt,47,.,4.56,.,0.04,0.05,0.04,29.78,0.04
Rt_48,Rt,48,.,6.61,.,0.06,0.42,0.02,45.59,0.05
Rt_49,Rt,49,.,2.91,.,0.03,0.08,0.03,30.71,0
Rt_50,Rt,50,.,2.99,.,0,0.04,0.02,30.08,0
Rt_51,Rt,51,.,5.63,.,0.06,0.04,0.03,37.99,0.01
Rt_52,Rt,52,.,7.3,.,0.02,0.03,0.02,42.42,0
Rt_53,Rt,53,.,6.34,.,0.06,0.05,0.05,40.15,0
Rt_54,Rt,54,.,12.68,.,0.05,0.11,0.04,46.22,0
Rt_55,Rt,55,.,5.67,.,0.03,0.04,0.02,38.83,0
Rt_56,Rt,56,.,6.58,.,0.02,0.06,0.01,38.73,0
Sv_1,Sv,1,.,8.19,.,0.05,0.01,0.05,41.36,0.06
Sv_2,Sv,2,.,10.23,.,0.04,0.01,0.02,40.81,0.03
Sv_3,Sv,3,.,10.13,.,0.05,0.01,0.04,41.25,0.05
Sv_4,Sv,4,.,.,.,.,.,.,.,.
Sv_5,Sv,5,.,9.26,.,0.03,0.09,0.03,38.18,0.01
Sv_6,Sv,6,.,.,.,.,.,.,.,.
Sv_7,Sv,7,.,14.48,.,0.04,0.01,0.05,40.4,0.03
Sv_8,Sv,8,.,10.68,.,0.04,0.01,0.06,35.65,0.04
Sv_9,Sv,9,.,13.08,.,0.07,0.03,0.03,49.02,0.04
Sv_10,Sv,10,.,11.67,.,0.05,0.01,0,37.64,0.09
Sv_11,Sv,11,.,10.17,.,0.05,0.01,0.06,38.78,0.05
Sv_12,Sv,12,.,21.44,.,0.07,0.06,0.01,43.4,0.03
Sv_13,Sv,13,.,10.53,.,0.04,0.01,0,40.61,0.02
Sv_14,Sv,14,.,10.65,.,0.05,0.01,0.06,44.77,0.01
Sv_15,Sv,15,.,11.18,.,0.07,0.01,0.04,32.42,0.01
Sv_16,Sv,16,.,8.35,.,0.06,0.01,0.03,27.07,0.01
Sv_17,Sv,17,.,11.59,.,0.08,0,0.1,34.91,0.01
Sv_18,Sv,18,.,11.37,.,0.08,0.01,0.04,34.49,0.01
Sv_19,Sv,19,.,12.29,.,0.07,0.01,0.06,41.11,0.01
Sv_20,Sv,20,.,7.65,.,0.04,0.02,0.04,49.89,0.02
Sv_21,Sv,21,.,7,.,0.01,0.12,0.05,42.07,0.07
Sv_22,Sv,22,.,9.13,.,0.05,0.01,0.04,60.11,0
Sv_23,Sv,23,.,11.68,.,0.07,0.04,0,51.57,0
Sv_24,Sv,24,.,11.1,.,0.06,0.02,0.06,61.68,0
Sv_25,Sv,25,.,7.7,.,0.06,0.02,0.09,46.23,0
Sv_26,Sv,26,.,18.97,.,0.03,0.21,0.02,43.5,0.15
Sv_27,Sv,27,.,7.64,.,0.06,0.02,0.04,61.98,0
Sv_28,Sv,28,.,9.31,.,0.05,0.01,0.04,36.76,0
Sv_29,Sv,29,.,11.69,.,0.06,0.01,0.04,57.98,0.08
Sv_30,Sv,30,.,11.52,.,0.06,0.01,0.03,59.67,0.03
Sv_31,Sv,31,.,9.81,.,0.07,0.01,0.04,36.05,0.06
Sv_32,Sv,32,.,12.14,.,0.07,0.01,0.06,69.28,0.06
Sv_33,Sv,33,.,8.2,.,0.03,0.04,0.03,31.01,0.03
Sv_34,Sv,34,.,10.88,.,0.06,0.01,0.04,47.18,0.05
Sv_35,Sv,35,.,12.63,.,0.06,0.01,0.04,62.89,0.05
Sv_36,Sv,36,.,9.61,.,0.06,0.05,0.05,31.01,0.08
Sv_37,Sv,37,.,12.24,.,0.07,0.04,0.03,49.35,0.03
Sv_38,Sv,38,.,15.15,.,0.07,0.02,0.04,43.52,0.06
Sv_39,Sv,39,.,9.55,.,0.04,0.01,0.04,38.27,0.04
Sv_40,Sv,40,.,13.37,.,0.07,0.07,0.02,40.07,0.04
Sv_41,Sv,41,.,9.59,.,0.05,0.03,0.05,38.08,0.05
Sv_42,Sv,42,.,11.13,.,0.06,0.03,0.04,45.66,0.04
Sv_43,Sv,43,.,8.75,.,1.53,0.03,0.07,48.8,0
Sv_44,Sv,44,.,14.7,.,2.55,0.03,0.07,44.7,0
Sv_45,Sv,45,.,7.05,.,1.61,0.01,0.11,42.16,0
Sv_46,Sv,46,.,7.65,.,1.61,0.03,0.08,44.19,0
Sv_47,Sv,47,.,8.89,.,2.83,0.03,0.04,49.33,0
Sv_48,Sv,48,.,10.91,.,0.07,0.03,0.06,52.74,0.01
Sv_49,Sv,49,.,8.59,.,0.07,0.03,0.02,41.31,0
Sv_50,Sv,50,.,.,.,.,.,.,.,.
Sv_51,Sv,51,.,6.42,.,0.04,0.09,0.01,44.12,0.09
Sv_52,Sv,52,.,3.3,.,0.03,0.03,0.09,25.04,0.01
Sv_53,Sv,53,.,6.69,.,0.04,0.04,0.05,42.09,0.02
Sv_54,Sv,54,.,6.38,.,0.03,0.19,0.07,36.59,0
Sv_55,Sv,55,.,4.18,.,0.03,0.04,0.05,27.5,0.02
Sv_56,Sv,56,.,7.96,.,0.07,0.01,0.1,43.55,0.02
Sv_57,Sv,57,.,6.86,.,0.03,0.05,0.04,38.44,0.13
Sv_58,Sv,58,.,7.73,.,0.03,0.05,0.05,42.42,0
Sv_59,Sv,59,.,6.7,.,0.03,0.02,0.04,35.8,0.06
Sv_60,Sv,60,.,6.58,.,0.05,0.04,0.09,35.08,0.06
Sv_61,Sv,61,.,13.34,.,0.07,0.1,0.03,46.14,0
Sv_62,Sv,62,.,6.2,.,0.04,0.02,0.03,38.68,0.02
Sv_63,Sv,63,.,7.49,.,0.08,0.03,0.09,32.57,0.05
Sv_64,Sv,64,.,12.65,.,0.05,0.04,0.04,41.88,0.07
Sv_65,Sv,65,.,7.13,.,0.03,0.05,0.01,42.94,0.02
Sv_66,Sv,66,.,10.98,.,0.04,0.05,0.04,39.64,0.05
Sv_67,Sv,67,.,12.83,.,0.06,0.09,0.06,41.21,0.04
Sv_68,Sv,68,.,4.07,.,0.01,0.1,0.02,29.65,0.03
Sv_69,Sv,69,.,12.31,.,0.03,0.06,0.04,40.54,0.03
Sv_70,Sv,70,.,12.88,.,0.07,0.09,0.06,43.27,0.04
Sv_71,Sv,71,.,11.33,.,0.06,0.05,0.06,39.22,0.06
Sv_72,Sv,72,.,6.63,.,0.02,0.12,0.02,50.26,0.01
Sv_73,Sv,73,.,5.86,.,0.01,0.04,0.04,33.13,0.04
Sv_74,Sv,74,.,11.66,.,0.04,0.05,0.04,39.51,0.03
Sv_75,Sv,75,.,4.46,.,0,0.15,0.03,48.3,0.02
Sv_76,Sv,76,.,10.14,.,0.03,0.05,0.06,37.6,0.02
Sv_77,Sv,77,.,12.71,.,0.04,0.04,0.02,44.7,0.04
Sv_78,Sv,78,.,7.57,.,0.05,0.03,0.06,32.26,0.07
Sv_79,Sv,79,.,6.43,.,0.03,0.05,0.02,44.43,0.02
Sv_80,Sv,80,.,4.16,.,0.04,0.03,0.06,29.39,0.07
Sv_81,Sv,81,.,7.99,.,0.04,0.06,0.05,33.55,0.07
Sv_82,Sv,82,.,17.08,.,0.06,0.22,0.04,75.01,0.05
Sv_83,Sv,83,.,7.23,.,0.04,0.01,0.04,33.51,0.08
Sv_84,Sv,84,.,12.56,.,0.08,0.04,0.06,40.62,0.08
Sv_85,Sv,85,.,10.48,.,0.69,0.6,0,49.55,.
Sv_86,Sv,86,.,7.8,.,0.39,0.43,0,52.78,.
Sv_87,Sv,87,.,11.53,.,0.67,0.52,0,46.84,.
Sv_88,Sv,88,.,10.35,.,0.51,0.79,0,47.87,.
Sv_89,Sv,89,.,8.55,.,0.71,0.66,0,44.79,.
Sv_90,Sv,90,.,10.54,.,0.42,0,0,49.46,.
Sv_91,Sv,91,.,9.49,.,0.45,0.52,0,47.28,.
Sv_92,Sv,92,.,7.28,.,0,0.36,0,47.73,.
Sv_93,Sv,93,.,5.49,.,0,0.33,0,35.09,.
Sv_94,Sv,94,.,6.79,.,0,0.5,0,40.04,.
Sv_95,Sv,95,.,7.88,.,0.54,0.39,0,49.13,.
Sv_96,Sv,96,.,4.19,.,0,0.37,0,40.56,.
Sv_97,Sv,97,.,6.5,.,0,0.51,0,50.53,.
Sv_98,Sv,98,.,10.68,.,0.7,0.5,0,42.16,.
Sv_99,Sv,99,0.6451,7.69,.,0.35,0,0.84,47.02,.
Sv_100,Sv,100,0.6854,9.98,.,0.4,0,0,30.52,.
Sv_101,Sv,101,0.7501,7.66,.,0,0.24,0,46.72,.
Sv_102,Sv,102,0.7763,8.33,.,0,0,0,52.82,.
Sv_103,Sv,103,0.811,6.1,.,0.34,0.17,0,29.47,.
Sv_104,Sv,104,0.7732,9.77,.,0,0,0,47.38,.
Sv_105,Sv,105,0.8098,9.97,.,0.77,0,0,53.29,.
Sv_106,Sv,106,.,.,.,.,.,.,.,
Sv_107,Sv,107,.,.,.,.,.,.,.,
Sv_108,Sv,108,.,.,.,.,.,.,.,
Sv_109,Sv,109,.,.,.,.,.,.,.,
Sv_110,Sv,110,.,.,.,.,.,.,.,
Sv_111,Sv,111,.,.,.,.,.,.,.,
Sv_112,Sv,112,.,.,.,.,.,.,.,
Sv_113,Sv,113,0.8135,10.79,0,0.2326,0.6086,0,47.5875,
Sv_114,Sv,114,0.9505,10.349,0,0,0.6953,0,52.4066,
Sv_115,Sv,115,0.731,13.489,0,0.239,0.7102,0,48.2925,
Sv_116,Sv,116,0.8415,10.61,0,0,0.7289,0,48.4322,
Sv_117,Sv,117,0.8423,10.575,0,0.4052,1.1514,0,37.4652,
Sv_118,Sv,118,1.0898,11.384,0,0.4245,0.9783,0,49.3561,
Sv_119,Sv,119,0.9887,10.014,0,0.4852,0.7133,0,47.1111,
Sv_120,Sv,120,0.46,13.91,0,0.37,0.3,0,41.53,
Sv_121,Sv,121,0.42,4.28,0,3.86,0.67,0,34.2,
Sv_122,Sv,122,0.5,8.14,0,0,0.05,0,44.81,
Sv_123,Sv,123,0.44,14.21,0,0.28,0.13,0,49.46,
Sv_124,Sv,124,0.44,5.63,0,0,1.84,0,34.75,
Sv_125,Sv,125,0.36,13.82,0,0,0.08,0,48.47,
Sv_126,Sv,126,0.47,13.88,0,0.39,0.38,0,42.75,
Sv_127,Sv,127,0.6764,8.055,0,0.8516,1.2644,0,38.1305,
Sv_128,Sv,128,0.7212,9.663,0.2372,0.8402,1.8334,0.7329,68.9075,
Sv_129,Sv,129,0.6205,8.792,0,0.9237,1.623,0.7819,44.2427,
Sv_130,Sv,130,0.6909,7.296,0,0.9162,1.6473,0.8908,41.4455,
Sv_131,Sv,131,0.7104,12.255,0,0.81,1.9543,0.617,60.5227,
Sv_132,Sv,132,0.6839,7.354,0,0.8799,1.5908,0.7762,55.1163,
Sv_133,Sv,133,0.6249,8.565,0,0.8911,1.5575,0.7596,26.2578,
Sv_134,Sv,134,0.4296,11.603,0,0.3532,0.3924,0.4129,47.0123,
Sv_135,Sv,135,0.6573,9.089,0,0.4058,0.5409,0,49.6098,
Sv_136,Sv,136,0.4104,13.51,0,0.4032,0.4267,0.337,45.6231,
Sv_137,Sv,137,0.5044,12.262,0,0.5769,0.4202,0.3625,57.5069,
Sv_138,Sv,138,0.4591,10.048,0,0.4822,0.5059,0,32.1571,
Sv_139,Sv,139,.,.,.,.,.,.,.,
Sv_140,Sv,140,0.5707,11.909,0,0.4314,0.3593,0,57.8215,
Sv_141,Sv,141,0.3897,5.648,0,0.4465,0.1444,0.3859,28.1559,
Sv_142,Sv,142,0.2944,8.414,0.8895,0.0549,0.2856,0,94.7068,
Sv_143,Sv,143,0.4897,6.186,0,0.3996,0.0701,0.6024,40.0899,
Sv_144,Sv,144,.,.,.,.,.,.,.,
Sv_145,Sv,145,0.3109,5.506,0,0.5946,0.6896,0,51.9687,
Sv_146,Sv,146,0.2371,4.403,0,0.0572,0,0.336,30.4427,
Sv_147,Sv,147,0.3214,10.036,0,0.8989,0,0.4329,34.3058,
Sl_1,Sl,1,.,1045.61,.,0.66,1.18,0.19,597.52,0.74
Sl_2,Sl,2,.,1308.69,.,1.22,1.18,0.48,766.76,0.69
Sl_3,Sl,3,.,376.66,.,0.41,0.81,0.02,281.4,0.58
Sl_4,Sl,4,.,1514.14,.,0,0.56,0.15,813.1,1.71
Sl_5,Sl,5,.,417.29,.,0.36,1.31,0.66,317.26,0.5
Sl_6,Sl,6,.,482.39,.,0.45,1.26,0,286.56,0.35
Sl_7,Sl,7,.,94.71,.,0,0.14,0.21,143.85,0.03
Sl_8,Sl,8,.,1720.87,.,0,0.61,0,1047.57,0.6
Sl_9,Sl,9,.,253.39,.,0.37,1.32,0.72,261.18,0.37
Sl_10,Sl,10,.,71.18,.,0.1,0.77,0.19,97.31,0.09
Sl_11,Sl,11,.,1149.32,.,1.31,0.92,0.31,693.1,1.33
Sl_12,Sl,12,.,316.56,.,0.39,1.19,0.45,242.99,0.56
Sl_13,Sl,13,.,827.92,.,0.4,10.96,0,334.18,0.28
Sl_14,Sl,14,.,49.99,.,0.14,0.25,0.21,158.27,0.06
Sl_15,Sl,15,.,1024.95,.,0.31,9.17,0,450.21,0.48
Sl_16,Sl,16,.,552.77,.,0.45,0.73,0.03,374.72,0.31
Sl_17,Sl,17,.,26.27,.,0.11,0.02,0.67,73.57,0.01
Sl_18,Sl,18,.,1636.31,.,0,9.87,0,688.29,0.38
Sl_19,Sl,19,.,626.92,.,0.41,13.64,0.12,268.8,0.29
Sl_20,Sl,20,.,1356.42,.,0,0,0,818.65,0.35
Sl_21,Sl,21,.,113.15,.,0.16,0.49,0,180.87,0
Sl_22,Sl,22,.,1592.36,.,0,0,0,975.86,1.08
Sl_23,Sl,23,.,727.97,.,0,0,0,471.56,0.27
Sl_24,Sl,24,.,.,.,.,.,.,.,.
Sl_25,Sl,25,.,2247.71,.,0,0,0,1276.85,0.3
Sl_26,Sl,26,.,420.78,.,0.4,0.02,0,318.92,0.35
Sl_27,Sl,27,.,826.79,.,0,0,0,505.54,0.31
Sl_28,Sl,28,.,34.92,.,0.24,0.29,0.14,45.69,0.04
Sl_29,Sl,29,.,832.06,.,0,0,0,528.22,0.55
Sl_30,Sl,30,.,410.49,.,0.45,0.02,0,348.82,0.31
Sl_31,Sl,31,.,31.22,.,0.14,0.51,0.17,80.11,0.02
Sl_32,Sl,32,.,1081.85,.,0,0,0,628.92,0.95
Sl_33,Sl,33,.,454.63,.,0.5,0.01,0,358.63,0.42
Sl_34,Sl,34,.,804.85,.,0.57,0.01,0,571.55,0.53
Sl_35,Sl,35,.,243.62,.,0.4,0.13,0.06,258.48,0.03
Sl_36,Sl,36,.,1637.35,.,0.53,0.01,0,1115.76,0.79
Sl_37,Sl,37,.,0.68,.,0.01,0,0,2.75,0.41
Sl_38,Sl,38,.,47.77,.,0.11,0.57,0.15,95.31,0.08
Sl_39,Sl,39,.,1557.3,.,0.4,0.01,0,1031.63,1.17
Sl_40,Sl,40,.,607.8,.,0.47,0.01,0,622.88,0.25
Sl_41,Sl,41,.,919.04,.,20.64,0.05,0,727.05,0.67
Sl_42,Sl,42,.,99.52,.,7.37,0.16,0.13,149.94,0
Sl_43,Sl,43,.,1580.24,.,9.87,0.03,0,1136.23,0.83
Sl_44,Sl,44,.,865.56,.,23.12,0.07,0,862.96,0.56
Sl_45,Sl,45,.,25.45,.,3.29,0.65,0.2,76.97,0
Sl_46,Sl,46,.,1346.26,.,14.93,0.03,0,901.72,1.36
Sl_47,Sl,47,.,601.86,.,17.44,0.05,0,706.7,0.63
Sl_48,Sl,48,.,1384.35,.,0.96,0.09,0,1047.54,0.47
Sl_49,Sl,49,.,34.25,.,0.15,0.47,0.18,121.5,0.01
Sl_50,Sl,50,.,1300.27,.,0.71,0,0.75,866.23,1.18
Sl_51,Sl,51,.,765.67,.,0.66,0.11,0.02,616.9,0.57
Sl_52,Sl,52,.,24.14,.,0.12,0.67,0.06,150.17,0.04
Sl_53,Sl,53,.,1613.15,.,0.24,1.02,0,1015.32,0.94
Sl_54,Sl,54,.,631.31,.,0.64,0,0.09,777.94,0.5
Sl_55,Sl,55,.,1718.37,.,0,0.36,0,1180.93,1.82
Sl_56,Sl,56,.,103.85,.,0.03,0.29,0.04,144.79,0
Sl_57,Sl,57,.,1347.94,.,0.99,0.99,0,902.92,1.2
Sl_58,Sl,58,.,1622.25,.,1.3,0.87,0,1144.08,1.51
Sl_59,Sl,59,.,26.84,.,0.01,0.92,0.19,82.04,0
Sl_60,Sl,60,.,1888.53,.,0.33,0.85,0,1188.84,2.27
Sl_61,Sl,61,.,530.82,.,0,0.33,0,397.54,0.95
Sl_62,Sl,62,0.91,247.874,0,0.6541,1.1647,0.306,370.34,
Sl_63,Sl,63,0.769,1044.376,0,5.7269,0,0,93.27,
Sl_64,Sl,64,0.7752,983.415,0,7.3855,5.6829,0,131.38,
Sl_65,Sl,65,1.0378,30.114,0.8503,0.6684,3.7647,0.4499,91.2,
Sl_66,Sl,66,.,.,.,.,.,.,.,
Sl_67,Sl,67,1.1548,550.195,0,3.5434,2.6265,0,121.23,
Sl_68,Sl,68,1.3697,43.778,0,0,0.5932,0,0,
Sl_69,Sl,69,1.2409,178.089,0,3.8169,2.9902,0,0,
Sl_70,Sl,70,1.397,1148.567,0,3.6227,3.7154,0,0,
Sl_71,Sl,71,1.5709,18.359,0.3318,0.1708,2.3858,1.3755,52.3245,
Sl_72,Sl,72,1.1004,143.441,0,2.53,1.3737,0,0,
Sl_73,Sl,73,1.4634,765.823,0,1.8364,1.155,0,0,
Sl_74,Sl,74,0.6,26.83,0,0.51,1.93,1.07,101.06,
Sl_75,Sl,75,0.0821,1088.3139,680.7344,1.3858,0.2606,2371.6693,87.4174,
Sl_76,Sl,76,0.9217,573.4032,2092.3244,1.1268,0.2154,1860.9759,84.8798,
Sl_77,Sl,77,0.64,32.19,0,0.42,2.92,0.88,0.04,
Sl_78,Sl,78,0.2823,1520.909,730.9562,2.2037,0.5897,2737.1708,83.9807,
Sl_79,Sl,79,0.3673,273.5031,2340.1689,1.1596,0.3597,1915.9243,71.6282,
Sl_80,Sl,80,0.7088,95.667,0,0.6638,1.9882,0.1653,240.1252,
Sl_81,Sl,81,0,2337,0,4.6747,2.3086,0,1706,
Sl_82,Sl,82,0,2160,0,4.88,1.9745,0,1569,
Sl_83,Sl,83,0.8826,30.496,0,0.8869,3.7257,0.9677,104.6899,
Sl_84,Sl,84,0,2482,0,3.3847,0,0,1764,
Sl_85,Sl,85,0.758,1285,0,5.0809,2.1847,0,1039,
Sl_86,Sl,86,0.8941,38.517,1.3235,0.1917,2.6837,0.8598,122.0688,
Sl_87,Sl,87,1.4258,2003,0,3.4136,2.3803,0,2242,
Sl_88,Sl,88,1.2829,1319,0,1.8421,1.6456,0,1308,
Sl_89,Sl,89,0.8902,33.012,1.4227,0.6084,3.2238,1.812,66.8429,
Sl_90,Sl,90,0.6198,1783,0,11.1575,10.1293,0,1936,
Sl_91,Sl,91,1.4288,1385,0,6.5302,4.0503,0,1453,
Sl_92,Sl,92,0.2515,36.443,0,0.1178,2.276,0.248,134.178,
Sl_93,Sl,93,0.062,3095.146,0,20.8623,19.7019,0,2391.9528,
Sl_94,Sl,94,0.8771,1633.344,0.8721,5.1007,0,0,2128.7511,
Sl_95,Sl,95,0.3486,58.412,70.402,0.2458,3.1381,0,226.0591,
Sl_96,Sl,96,0.4372,197.266,0,14.879,9.0531,0,163.5701,
Sl_97,Sl,97,0.4533,897.805,0,7.1555,2.7237,0,867.0259,
So_1,So,1,1.3007,112.515,0,0.3657,0.3388,0.9008,344.99,
So_2,So,2,0.8617,21.731,0.1723,0,0.7522,0.412,77.82,
So_3,So,3,.,.,.,.,.,.,.,
So_4,So,4,0.8705,29.795,0,0.4064,0.7451,0.9623,80.15,
So_5,So,5,0.8386,22.046,0,0,3.5856,0.7601,61.3,
So_6,So,6,1.0774,64.521,0,0.544,0.5246,0.6786,129.75,
So_7,So,7,0.868,39.56,0,0.2133,0.0972,0.4553,105.59,
So_8,So,8,1.4277,101.391,0,0.8328,1.4244,1.259,0,
So_9,So,9,0.8675,17.022,0,0.1929,1.4058,1.0084,61.4759,
So_10,So,10,1.3324,72.908,0,0.6016,0.7872,1.0183,0,
So_11,So,11,0.9053,47.235,0,0.3543,0.8205,1.0478,96.87,
So_12,So,12,0.9022,15.169,0,0.1822,2.5898,1.1239,42.5724,
So_13,So,13,1.3339,102.669,0,0.7066,1.1672,0,0,
So_14,So,14,1.1454,50.516,0,0.7273,1.485,1.5279,100.8349,
So_15,So,15,0.5664,13.4746,0,0.1816,0.1614,0.4876,84.0914,
So_16,So,16,0.4307,22.1545,0,0.675,1.6772,1.9463,49.0446,
So_17,So,17,1.3564,89.6178,0,0.2483,0.0559,0.1758,174.4352,
So_18,So,18,0.8571,33.6227,0,0.6055,1.0919,1.3156,77.5259,
So_19,So,19,0.3042,37.3426,1.1124,0.4676,3.9953,0.9609,123.8446,
So_20,So,20,1.2362,73.3426,0,0.6083,0.4711,0.3612,81.2578,
So_21,So,21,0.7364,36.8073,0,0.6359,0.8985,0.9722,72.0767,
So_22,So,22,1.0359,87.014,0.2297,0.7226,0.8062,0.1845,194.0081,
So_23,So,23,0.8356,17.061,0.3613,0.8929,2.0769,0.7602,71.4017,
So_24,So,24,1.1538,0,0,0.8877,0.8195,0.5392,243.0328,
So_25,So,25,0.8506,32.331,0,0.9561,1.423,0.9305,84.9,
So_26,So,26,0.8672,34.318,0.3063,0.9099,5.5618,2.1693,73.9893,
So_27,So,27,1.4749,63.02,0,0.6657,0.8064,0.6506,109.2287,
So_28,So,28,0.8279,35.355,0,0.9366,1.3724,0.7162,92.3382,
So_29,So,29,0.9037,92.793,0,0.3456,1.4489,0.5578,176.0928,
So_30,So,30,1.0105,20.023,1.2807,0.1922,1.9609,0.7631,63.3296,
So_31,So,31,1.0227,68.449,0,0.3808,1.5072,0.9827,155.3375,
So_32,So,32,0.9156,36.601,0,0.1968,1.4579,0.8678,83.8721,
So_33,So,33,0.8121,22.914,1.1283,0.0689,3.1058,1.2013,39.8409,
So_34,So,34,1.3487,93.6,0,0.3309,1.5,0.399,163,
So_35,So,35,0.9399,46.36,0,0.2328,1.4952,0.7226,89.2357,
So_36,So,36,1.1055,131.771,0,1.5895,0.4838,0,229.4878,
So_37,So,37,0.2678,13.794,0,0.1189,0.9168,0,50.2985,
So_38,So,38,0.7207,56.412,0,0.5992,0.0433,0.6186,119.0509,
So_39,So,39,0.4137,29.487,0,0.5211,0.1338,0.3869,59.1528,
So_40,So,40,0.0445,18.327,0,0.0642,1.2163,0,137.9119,
So_41,So,41,1.4583,52.152,0,0.7259,0.2174,0.0277,87.8236,
So_42,So,42,0.4035,31.209,0,0.5305,0.0543,0.3106,76.031,
Vc_1,Vc,1,.,42.12,.,0.15,0.01,0,136.16,0.08
Vc_2,Vc,2,.,59.46,.,0.16,0.02,0.09,174.08,0.09
Vc_3,Vc,3,.,87.47,.,0.21,0.02,0.15,175.49,0.15
Vc_4,Vc,4,.,56.19,.,0.17,0.02,0,161.34,0.1
Vc_5,Vc,5,.,58.54,.,0.18,0.02,0.08,167.35,0.17
Vc_6,Vc,6,.,37.17,.,0.14,0.01,0.03,119.99,0.03
Vc_7,Vc,7,.,41.7,.,0.14,0.02,0.13,126.04,0.07
Vc_8,Vc,8,.,74.71,.,0.17,0.02,0.12,131.74,0.15
Vc_9,Vc,9,.,50.32,.,0.15,0.02,0.04,156.5,0.07
Vc_10,Vc,10,.,55.68,.,0.16,0.02,0.1,107.9,0.18
Vc_11,Vc,11,.,21.45,.,0.12,0.01,0.07,59.1,0.04
Vc_12,Vc,12,.,28.91,.,0.13,0.01,0.17,100.72,0.05
Vc_13,Vc,13,.,31.24,.,0.18,0.01,0.21,92.2,0.05
Vc_14,Vc,14,.,50.75,.,0.19,0.01,0.12,157.22,0.08
Vc_15,Vc,15,.,28.07,.,0.15,0.01,0.11,65.16,0.08
Vc_16,Vc,16,.,189.1,.,0.59,0.01,0,439.58,0.05
Vc_17,Vc,17,.,25.93,.,0.11,0.01,0.07,86.53,0.05
Vc_18,Vc,18,.,728.33,.,0,0,0,1418.35,0.24
Vc_19,Vc,19,.,287.89,.,0.33,0.02,0,488.73,0.18
Vc_20,Vc,20,.,359.09,.,0,0,0,1043.52,0.79
Vc_21,Vc,21,.,28.19,.,0.28,0.02,0,45.76,0.02
Vc_22,Vc,22,.,30.75,.,0.15,0.02,0.15,107.96,0.04
Vc_23,Vc,23,.,44.74,.,0.32,0.01,0,86.02,0.11
Vc_24,Vc,24,.,33.47,.,0.3,0.02,0.07,45.82,0.16
Vc_25,Vc,25,.,62.65,.,0.2,0.02,0.16,136.79,0.42
Vc_26,Vc,26,.,98.64,.,0.27,0.02,0,158.55,0.04
Vc_27,Vc,27,.,29.99,.,0.13,0.02,0.14,103.53,0.04
Vc_28,Vc,28,.,119.44,.,0.28,0.03,0.1,220.18,0.1
Vc_29,Vc,29,.,116.69,.,0.25,0.02,0.1,201.51,0.2
Vc_30,Vc,30,.,158.99,.,0.28,0.04,0.02,321.47,0.4
Vc_31,Vc,31,.,36.97,.,0.16,0.06,0.05,124.21,0.01
Vc_32,Vc,32,.,27.53,.,0.14,0.09,0.26,95.19,0.01
Vc_33,Vc,33,.,27.48,.,0.15,0.04,0.17,93.76,0
Vc_34,Vc,34,.,47.89,.,0.15,0.03,0.03,198.26,0.03
Vc_35,Vc,35,.,30.62,.,0.14,0.06,0.28,58.52,0.01
Vc_36,Vc,36,.,1025.41,.,2.25,0.32,0.16,2710.53,0.32
Vc_37,Vc,37,.,40.74,.,0.09,0.05,0.17,121.67,0.05
Vc_38,Vc,38,.,1095.57,.,1.07,1.97,0.07,1841.29,0.27
Vc_39,Vc,39,.,1301.7,.,1.68,0.44,0.71,2145.85,0.14
Vc_40,Vc,40,.,725.36,.,0.37,0.18,0.46,1863.13,0.63
Vc_41,Vc,41,.,58.65,.,0,0.05,0.01,155.42,0.02
Vc_42,Vc,42,.,43.15,.,0.12,0.03,0.14,146.55,0.09
Vc_43,Vc,43,.,137.81,.,0.29,0.04,0.09,332.39,0.07
Vc_44,Vc,44,.,57.8,.,0.15,0.03,0.12,132.08,0.4
Vc_45,Vc,45,.,.,.,.,.,.,.,.
Vf_1,Vf,46,.,35.86,.,0.16,0.02,0.04,131.56,0.14
Vf_2,Vf,47,.,58.33,.,0.29,0.02,0.01,238.67,0.58
Vf_3,Vf,48,.,42.38,.,0.16,0.02,0.06,152.14,0.25
Vf_4,Vf,49,.,47.28,.,0.17,0.02,0.01,177.59,0.19
Vf_5,Vf,50,.,58.11,.,0.17,0.02,0.04,174.92,0.15
Vf_6,Vf,51,.,55.18,.,0.18,0.02,0.02,236.63,0.15
Vf_7,Vf,52,.,71.66,.,0.38,0.09,0.07,290.23,0.48
Vf_8,Vf,53,.,39.69,.,0.13,0.01,0.05,138.07,0.2
Vf_9,Vf,54,.,54.91,.,0.17,0.01,0.02,164.92,0.15
Vf_10,Vf,55,.,49.74,.,0.16,0.02,0.05,160.4,0.15
Vf_11,Vf,56,.,26.76,.,0.17,0.01,0.09,100.02,0.14
Vf_12,Vf,57,.,45.4,.,0.2,0,0.02,134.87,0.38
Vf_13,Vf,58,.,31.36,.,0.16,0.02,0.1,108.35,0.21
Vf_14,Vf,59,.,41.9,.,0.18,0.01,0.02,114.77,0.17
Vf_15,Vf,60,.,28.23,.,0.14,0.01,0.03,83.97,0.12
Vf_16,Vf,61,.,26.29,.,0.12,0.01,0.07,87.97,0.13
Vf_17,Vf,62,.,36.57,.,0.11,0.01,0,135.08,0.28
Vf_18,Vf,63,.,26.79,.,0.1,0.02,0,84.54,0.15
Vf_19,Vf,64,.,26.55,.,0.13,0.03,0,94.62,0.11
Vf_20,Vf,65,.,27.6,.,0.12,0.01,0.06,85.67,0.07
Vf_21,Vf,66,.,34.1,.,0.16,0.02,0.05,118.79,0.11
Vf_22,Vf,67,.,218.06,.,0.74,0.02,0,839,0.88
Vf_23,Vf,68,.,27.98,.,0.15,0.02,0.09,96.89,0.1
Vf_24,Vf,69,.,22.48,.,0.23,0.02,0.01,89.57,0.14
Vf_25,Vf,70,.,41.82,.,0.17,0.02,0.02,140.34,0.09
Vf_26,Vf,71,.,42.17,.,0.16,0.01,0.06,146.18,0.11
Vf_27,Vf,72,.,82.07,.,0.29,0.03,0.01,317.05,0.45
Vf_28,Vf,73,.,27.68,.,0.13,0.05,0.11,96.65,0.11
Vf_29,Vf,74,.,73.96,.,0.26,0.04,0.01,312.55,0.22
Vf_30,Vf,75,.,36.74,.,0.14,0.04,0.06,118.89,0.07
Vf_31,Vf,76,.,26.83,.,0.14,0.02,0.12,95.9,0.03
Vf_32,Vf,77,.,60.78,.,0.24,0.07,0.08,185.75,0.2
Vf_33,Vf,78,.,35.38,.,0.16,0.1,0.18,115.97,0.04
Vf_34,Vf,79,.,35.11,.,0.13,0.05,0.02,117.59,0
Vf_35,Vf,80,.,36.16,.,0.14,0.07,0.06,110.03,0.02
Vf_36,Vf,81,.,27.89,.,0.1,0.03,0.08,99.53,0.19
Vf_37,Vf,82,.,49.5,.,0.06,0.05,0.01,197.27,0.64
Vf_38,Vf,83,.,25.75,.,0.16,0.04,0.17,89.93,0.2
Vf_39,Vf,84,.,45.69,.,0.17,0.02,0.02,181.25,0.27
Vf_40,Vf,85,.,38.85,.,0.15,0.04,0.07,136.29,0.1
Vf_41,Vf,86,.,46.23,.,0.04,0.05,0.04,140.45,0.25
Vf_42,Vf,87,.,74.96,.,0.32,0.03,0.02,274.95,0.88
Vf_43,Vf,88,.,58.23,.,0.2,0.04,0.14,139.88,0.33
Vf_44,Vf,89,.,32.43,.,0.15,0.04,0.07,123.03,0.12
Vf_45,Vf,90,.,48.06,.,0.17,0.05,0.2,154.19,0.13
Vf_46,Vf,91,.,24.85,.,0.45,0.69,0,107.97,.
Vf_47,Vf,92,.,26.94,.,0.61,0.57,0,117.91,.
Vf_48,Vf,93,.,24.34,.,0.43,0.37,0,107.27,.
Vf_49,Vf,94,.,24.61,.,0.58,0.4,0,110.65,.
Vf_50,Vf,95,.,24.19,.,0.63,0.46,0,93.55,.
Vf_51,Vf,96,.,23.89,.,0.46,0.34,0,113.01,.
Vf_52,Vf,97,.,25.37,.,0.68,0.43,0,105.47,.
Vf_53,Vf,98,.,24.15,.,0.45,0.33,0,102.91,.
Vf_54,Vf,99,.,24.9,.,0.69,0.61,0,100.48,.
Vf_55,Vf,100,.,24.42,.,0.47,0.34,0,108.21,.
Vf_56,Vf,101,0.9782,29.46,.,0.76,0,0,120.65,.
Vf_57,Vf,102,0.7969,27.81,.,0.4,0,0,107.44,.
Vf_58,Vf,103,0.566,16.13,.,0.35,0,0,63.5,.
Vf_59,Vf,104,0.682,16.15,.,0.35,0,0,61.35,.
Vf_60,Vf,105,0.8774,30.34,.,0.6,0.19,0,122.49,.
